filename,pdf_size_kb,num_pages,original_word_count,summary_word_count_mistral,model_used,summarization_time_sec,summary_text
paper1.pdf,803.05,23,23064,364,mistral,49.54,"1. Simple Breakdown of the Abstract:
   - The study investigates various aspects related to neurophysiological and behavioral differences in individuals with Autism Spectrum Disorder (ASD) compared to their neurotypical peers.
   - It reviews a wide range of research, covering areas like face processing, inhibitory control, error awareness, optic flow perception, and molecular imaging.
   - The findings suggest that individuals with ASD exhibit distinct patterns in these areas, indicating impairments in certain functions such as face recognition, inhibitory control, and optic flow perception.
   - The review highlights the importance of understanding these differences to develop effective interventions and support systems for individuals with ASD.

2. Methodology:
The authors conducted a systematic review of existing literature on neurophysiological and behavioral aspects in individuals with Autism Spectrum Disorder, focusing on studies that employed neuropsychological tests, electrophysiological methods, and molecular imaging techniques.

3. Key Findings and Their Significance:
- Face processing is altered in individuals with ASD, affecting their recognition of familiar faces, newly familiar faces, and even upside-down faces.
- Inhibitory control, which is essential for regulating behavior, shows deficits in adults with ADHD.
- Error awareness, as measured by the error-related negativity (ERN), is found to be reduced or absent in individuals with ASD.
- Optic flow perception, crucial for understanding spatial information and movement, is selectively impaired in individuals with ASD.
- Molecular imaging studies suggest abnormalities in brain activity and connectivity patterns in individuals with ASD.
These findings have significant implications for our understanding of the underlying neurobiological mechanisms associated with ASD and can inform the development of targeted interventions and support systems.

4. Suggested Future Work:
- Further research is needed to elucidate the neural substrates underlying the observed differences in face processing, inhibitory control, error awareness, optic flow perception, and molecular imaging in individuals with ASD.
- Interventional studies should be designed to target these areas, aiming to improve social interactions, behavior regulation, and cognitive functions in individuals with ASD.
- Cross-cultural research is essential to account for potential cultural differences that may influence the expression and presentation of ASD symptoms.
- Longitudinal studies can help understand the developmental trajectories of neurophysiological and behavioral differences in individuals with ASD throughout their lifespan."
paper2.pdf,518.05,9,4780,203,mistral,30.24,"1. The abstract presents a new method for training deep neural networks called Generative Adversarial Networks (GANs). GANs consist of two parts: a generator and a discriminator, which compete with each other to produce more realistic samples from a dataset or to create entirely new data.

2. The methodology involves using a pair of networks that compete against each other in a minmax game where one network (the generator) learns to create samples that closely resemble the original data distribution while the other network (the discriminator) tries to distinguish these generated samples from real ones.

3. Key findings: GANs are shown to be an effective and flexible tool for generating high-quality images, audio, and text samples that closely mimic the properties of their corresponding real-world datasets. Additionally, researchers demonstrate that GANs can generate entirely new data, paving the way for potential applications in fields like computer graphics, music synthesis, and language modeling.

4. Future work: The authors suggest refining and improving the stability of GAN training, exploring different architectures for both generator and discriminator networks, developing more efficient methods for scaling up GANs to handle larger datasets, and investigating applications in various domains such as data augmentation, creative design, and unsupervised representation learning."
paper3.pdf,800.18,12,9927,190,mistral,32.43,"1. The abstract presents a deep convolutional neural network (CNN) model, specifically GoogLeNet, which was trained and tested on the ImageNet dataset in the ILSVRC 2015 competition. The model achieved top performance in both image classification and localization tasks.

2. The methodology involves training a deep CNN (GoogLeNet) using an Inception architecture with multiple scales of filters to learn hierarchical features of images, followed by fine-tuning the model for classification and localization tasks on the ImageNet dataset.

3. Key findings include:
   - Significant improvement in image classification accuracy, outperforming previous state-of-the-art models such as VGG and GoogLeNet.
   - Top-5 localization error of 9.0% for single-model and winning the ImageNet localization task in ILSVRC 2015, demonstrating excellent performance.
   - The proposed method significantly outperforms the ILSVRC 2014 results, showing a 64% relative reduction of error.

4. Suggested future work could include further exploration of the Inception architecture for various other computer vision tasks, and investigating how transfer learning from pre-trained models can improve performance in other datasets or tasks. Additionally, research into optimizing training parameters such as mini-batch size, data augmentation techniques, and regularization methods may lead to even better results."
paper4.pdf,534.24,24,10105,195,mistral,27.98,"1. The abstract discusses the potential for quantum computers to outperform classical computers in machine learning tasks due to the unique patterns produced by quantum systems, which are not easily produced by classical systems. It highlights that while hardware and software challenges remain significant, recent advances have opened paths towards solutions in the field of quantum machine learning.

2. The methodology involves devising and implementing concrete quantum software that leverages the unique properties of quantum systems to offer advantages over classical methods in machine learning tasks.

3. Key findings include evidence that quantum computers may outperform classical computers on certain machine learning tasks, as well as the identification of hardware and software challenges and paths towards their solutions. The significance lies in the potential for quantum machines to revolutionize data analysis and pattern recognition, with far-reaching implications for fields such as artificial intelligence, cryptography, and drug discovery.

4. Suggested future work could involve addressing and overcoming the remaining hardware and software challenges, refining quantum algorithms for specific machine learning tasks, exploring applications of quantum machine learning in various industries, and experimenting with hybrid systems that combine quantum and classical computing to enhance performance and scalability."
paper5.pdf,2163.32,15,6615,217,mistral,33.07,"1. Abstract Breakdown:
   - Title: Visualizing Attention Mechanisms in Neural Machine Translation Systems
   - Context: A study on using visualizations to understand the attention mechanism of a neural machine translation system.
   - Approach: Analyzing and comparing the attention patterns of a popular translation model (Google's Neural Machine Translation System) at various layers of encoder self-attention.

2. Methodology in one sentence: Visualizing the attention weights to understand how the neural machine translation system processes long-distance dependencies and complex sentence structures.

3. Key Findings and Significance:
   - The study shows that the attention mechanism follows long-distance dependencies and completes phrases with distant dependencies (Figure 3).
   - The attention mechanism also appears to be involved in anaphora resolution, focusing on specific words like 'its' (Figure 4).
   - Many attention heads exhibit behavior related to the structure of the sentence, implying that they learned to perform different tasks (Figure 5).
   - These findings suggest that neural machine translation systems can learn complex linguistic patterns and structures.

4. Suggested Future Work:
   - Investigating other visualization techniques for a better understanding of attention mechanisms in NMT systems.
   - Analyzing the behavior of the attention mechanism on different types of language tasks, such as text summarization or question answering.
   - Developing strategies to improve the interpretability and controllability of attention mechanisms in NMT systems."
paper6.pdf,757.0,16,10401,214,mistral,33.85,"1. The abstract discusses a study on BERT, a pre-trained language model that uses Masked Language Modeling (MLM) and Next Sentence Prediction (NSP) objectives for natural language understanding tasks. It investigates the effect of different pre-training strategies and masking procedures on BERT's performance during fine-tuning.

2. The methodology involves using a large-scale pre-trained model, BERT, to perform tasks such as MNLI (Multi-Genre Natural Language Inference) and NER (Named Entity Recognition). It then explores various masking strategies for the MLM objective during pre-training.

3. Key findings indicate that BERT requires a large amount of pre-training to achieve high fine-tuning accuracy, with almost 1% additional accuracy on MNLI when trained on 1 million steps compared to 500k steps. The study also demonstrates that the MLM model converges slightly slower than the LTR model but begins to outperform it almost immediately in terms of absolute accuracy. Regarding masking strategies, fine-tuning is robust to different strategies; however, using only the [MASK] strategy was problematic for the feature-based approach on NER tasks.

4. Suggested future work could involve further exploring other pre-training strategies and masking procedures to improve BERT's performance, as well as applying BERT to various other natural language understanding tasks. Additionally, research could be conducted on reducing the mismatch between pre-training and fine-tuning for more efficient learning."
paper7.pdf,1642.34,22,24139,179,mistral,28.6,"1. Abstract Breakdown: Deep learning has transformed various machine learning tasks, but data is often represented in Euclidean space. This survey focuses on graph neural networks (GNNs) for non-Euclidean data with complex relationships and interdependencies. It provides a comprehensive overview of GNNs in the data mining and machine learning fields.

2. Methodology: The study reviews graph neural network methods used in data mining and machine learning, offering an extensive overview to help researchers understand and apply these techniques to non-Euclidean data.

3. Key Findings and Significance: The survey highlights that many studies on extending deep learning approaches for graph data have emerged, addressing the challenges posed by complex graph structures. The study provides a valuable resource for researchers seeking to utilize GNNs in their work.

4. Suggested Future Work: To further enhance the application of GNNs, future research could explore innovative extensions of these methods to tackle new and challenging data types with even more complex structures. Additionally, there is potential for the development of practical tools and libraries that facilitate the use of these techniques in real-world applications."
paper8.pdf,2538.92,15,14574,158,mistral,26.53,"1. The abstract provides an overview of transfer learning, a technique used in machine learning and data mining to address situations where the training and future data may not be in the same feature space or have the same distribution. This is particularly useful when sufficient training data is available for a different domain, but the one of interest.

2. The methodology involves categorizing and reviewing current progress on transfer learning for classification, regression, and clustering problems.

3. Key findings include various approaches to transfer learning such as feature-based methods, model-based methods, and instance-based methods. Significance lies in the potential of transfer learning to improve performance by avoiding expensive data-labeling efforts and adapt to new domains with limited training data.

4. Suggested future work includes exploring more complex scenarios, developing theoretical foundations for different transfer learning strategies, integrating transfer learning into deep learning models, and studying its applications in diverse fields like natural language processing and computer vision."
paper9.pdf,842.54,16,7409,344,mistral,46.79,"1. Simple Breakdown of the Abstract:
   The abstract is a brief summary of the research article titled ""GW170817: Observation of Gravitational Waves from a Binary Neutron Star Inspiral"" by the LIGO Scientific Collaboration and Virgo Collaboration. It reports the first observation of gravitational waves (GWs) from the merger of two neutron stars, named GW170817. The detection was made on August 17, 2017, by Advanced LIGO detectors, and the subsequent electromagnetic counterparts were detected by various telescopes around the world. The article provides insights into the properties of the merging neutron stars and the resulting heavy elements produced in such events.

  2. Methodology:
   The researchers used a network of laser interferometers called Advanced LIGO detectors to observe GWs, which are ripples in spacetime caused by accelerating massive objects. By analyzing the GW signals and their arrival times at different locations, they were able to determine the properties of the merging neutron stars, such as their masses, spin rates, and the composition of the heavy elements produced during the collision.

  3. Key Findings and Their Significance:
   The key findings include the following:
   - The detected GW signal confirms the existence of binary neutron star systems.
   - The observed masses of the merging neutron stars (1.19 ± 0.05 solar masses and 1.62 ± 0.04 solar masses) are consistent with previous theoretical predictions.
   - The analysis of the GW signal's polarization provides insights into the orientation of the binary system, which was nearly aligned with Earth.
   - The merger of these neutron stars produced a short gamma-ray burst and heavy elements such as gold, platinum, and uranium.
   - The observation of electromagnetic counterparts allowed researchers to measure the distance to the event, providing insights into cosmic expansion rates and the nature of dark energy.

  4. Suggested Future Work:
   Further research is suggested to better understand the properties of neutron stars, the formation of heavy elements in such events, and the potential implications for nuclear astrophysics. Additionally, ongoing efforts to improve detection sensitivity will increase the chances of observing more binary neutron star mergers and other rare astrophysical phenomena."
paper10.pdf,1527.71,24,18132,344,mistral,44.91,"1. Breakdown of the abstract:
   - Faiss (Facebook AI Similarity Search) is a library developed by Facebook for efficient similarity search and clustering of dense vectors. It uses indexing structures like inverted files, graphs, and hierarchical navigation to achieve this goal.
   - The library provides methods for training an index, adding vectors, searching for k nearest neighbors or performing range searches, and removing vectors from the index, among others.
   - Quantizers are used to compress the original uncompressed vectors into a smaller form, making storage and computation more efficient. These quantizers can be scalar, additive, product-additive, or vector quantizers.

2. Methodology:
   The methodology involves training an index using a set of vectors (x), adding these vectors to the index with unique 63-bit ids, performing searches for k nearest neighbors or range searches, and removing or reconstructing vectors from the index as needed. Quantizers are trained separately to compress the vectors before they are added to the index.

3. Key Findings and their significance:
   - Using an inverted file index with vectors compressed by a scalar quantizer provides fast search performance.
   - The HNSW graph-based index offers faster scan times compared to its counterparts, making it suitable for large datasets.
   - Coarse quantizers, such as the Inverted Multi-Index (IMI) and Leaf Shingled (LSH), allow for efficient storage and retrieval of vectors in a compressed form while providing approximations of the original values.
   - The NSG graph-based index and Iterative Quantization (ITQ) provide fast search performance with a small memory footprint, making them suitable for devices with limited resources.

4. Suggested future work:
   - Further optimizations could be made to reduce the computational cost of training and querying the indexes, particularly for large datasets.
   - Improving the accuracy of approximations in compressed vectors without a significant increase in computation time is an area for research.
   - The integration of Faiss with other deep learning frameworks to enable end-to-end machine learning pipelines would be beneficial.
   - Exploring applications beyond image and text similarity search, such as audio or time series analysis, could expand the utility of Faiss."
paper11.pdf,749.61,37,10509,178,mistral,29.67,"1. Simple Breakdown of the Abstract: This paper discusses building Retrieval Augmented Generation (RAG) systems that use PDF documents as data sources, focusing on connecting theory with practice and providing clear examples and code snippets for developers. It also highlights common challenges like handling complex PDFs and extracting useful text, and offers alternatives such as using open-source models.

2. One-sentence Description of the Methodology: The methodology involves creating RAG systems by combining large language models with real-time, relevant information retrieval from PDF documents.

3. Key Findings and Their Significance: The key findings suggest that RAG systems can improve the accuracy and relevance of generative AI responses in various industries like healthcare, legal research, and technical documentation. The guide offers a solid foundation for optimizing RAG systems and extending the potential of AI in practical applications.

4. Suggested Future Work: Future work should focus on enhancing adaptability, cross-lingual capabilities, and integration with diverse data sources to address increasingly complex information needs. This will make RAG systems more versatile and applicable across a wider range of global and multimedia tasks."
paper12.pdf,1185.13,14,9389,357,mistral,56.51,"1. Abstract Breakdown:
   - Paper 1 to 6: Various studies focusing on evaluation metrics (precision, recall, F-measure, ROC, informedness, markedness, correlation) for binary classification tasks. Some critiques of F-measure and suggestions for alternatives like Matthews Correlation Coefficient (MCC).
   - Paper 7: A dataset of fashion product images for machine learning tasks.
   - Paper 8: An article discussing advanced data mining techniques.
   - Paper 9 to 12: Research papers on efficient vector similarity search methods, such as ScaNN and k-Nearest Neighbor Graph optimization, and an approximate nearest neighbor search method using Hierarchical Navigable Small World Graphs.

2. Methodology Description (Paper 7, 9, 10, 12): These papers focus on developing and improving methods for efficient vector similarity search, especially in high-dimensional data, which is crucial for tasks like image recognition or recommendation systems. They use machine learning techniques and graph algorithms to optimize the search process.

3. Key Findings and Their Significance:
   - For evaluation metrics, it was found that MCC provides a more comprehensive assessment of a classifier's performance than F1 score or accuracy in binary classification tasks (Paper 2, 3).
   - A large-scale fashion product image dataset has been made available for machine learning tasks (Paper 7).
   - Advanced data mining techniques were discussed and presented, which can be applied to various fields (Paper 8).
   - Efficient vector similarity search methods were proposed, such as ScaNN (Paper 11) and optimization of k-Nearest Neighbor Graph for proximity search in high-dimensional data (Paper 10), improving the speed and accuracy of searches. The approximate nearest neighbor search method using Hierarchical Navigable Small World Graphs showed good performance and robustness (Paper 12).

4. Suggested Future Work:
   - Further research could be conducted to explore more evaluation metrics for binary classification tasks, focusing on their advantages and limitations.
   - The fashion product image dataset can be utilized for developing and testing machine learning models in various applications related to the fashion industry.
   - Applications of advanced data mining techniques should be investigated across different domains.
   - Researchers could work on refining and optimizing existing vector similarity search methods or developing new ones, with an emphasis on scalability and applicability to real-world problems."
paper13.pdf,523.25,11,7230,169,mistral,32.78,"1. The abstract describes a Comprehensive Full-chain Evaluation (CoFE-RAG) framework that aims to evaluate Retrieval-Augmented Generation (RAG) systems, which use external knowledge sources to generate more accurate and reliable answers. This framework assesses the entire RAG pipeline, including chunking, retrieval, reranking, and generation.

2. The methodology involves introducing multi-granularity keywords, such as coarse-grained and fine-grained keywords, to evaluate the retrieved context instead of relying on the annotation of golden chunks. To demonstrate the utility of the CoFE-RAG framework, experiments are conducted to evaluate each stage of RAG systems.

3. Key findings include tackling challenges like limited data diversity, obscure problem location, and unstable retrieval evaluation. The significance lies in providing a comprehensive approach for evaluating RAG systems across all stages, leading to more accurate and reliable results.

4. Suggested future work includes expanding the dataset to cover even more diverse scenarios, refining the CoFE-RAG framework to better address challenges specific to certain domains or types of documents, and developing new methods to automatically identify problematic stages in RAG systems."
paper14.pdf,1623.6,21,16024,168,mistral,34.01,"1. The abstract discusses Large Language Models (LLMs) and their challenges such as hallucination, outdated knowledge, and non-transparent reasoning processes. It introduces Retrieval-Augmented Generation (RAG) as a solution by incorporating knowledge from external databases to improve accuracy and credibility for knowledge-intensive tasks. RAG merges LLMs' intrinsic knowledge with vast external databases.

2. The methodology involves a detailed examination of the progression of RAG paradigms, including Naive RAG, Advanced RAG, and Modular RAG, by scrutinizing their three foundational components: retrieval, generation, and augmentation techniques.

3. Key findings include the enhancement of LLMs' performance in knowledge-intensive tasks through RAG, allowing for continuous updates and integration of domain-specific information. However, challenges such as latency and maintaining data quality remain unaddressed. The significance lies in the potential for RAG to improve the reliability and usefulness of LLMs in various applications.

4. Future work could focus on addressing remaining challenges like latency and data quality, developing efficient retrieval methods, and exploring ways to integrate RAG with other AI techniques to further improve performance."
paper15.pdf,3566.4,12,7809,187,mistral,35.64,"1. Abstract Breakdown: This study presents a computational method for predicting protein structures, specifically designed for the CASP14 benchmark set. The method utilizes a distillation-based approach to generate accurate predictions. The results demonstrate that the proposed method outperforms existing models and achieves high accuracy rates, highlighting its potential in structure prediction.

2. Methodology Description: This study employs a computational method that leverages a distillation-based approach to predict protein structures using input from various public databases, including PDB, UniRef90, BFD, and MGnify clusters. The performance of the model is evaluated on the CASP14 benchmark set.

3. Key Findings and Significance: The proposed method achieves high accuracy rates in predicting protein structures, outperforming existing models in the field. This research contributes to advancing our understanding of protein structure prediction and paves the way for future applications in drug discovery and molecular design.

4. Suggested Future Work: Further research can focus on applying this method to larger and more diverse datasets to improve its generalization capabilities. Additionally, integrating other relevant data sources and refining the distillation process could enhance the accuracy of predictions and expand the applicability of the model."
