filename,pdf_size_kb,num_pages,original_word_count,summary_word_count_llama3.2,model_used,summarization_time_sec,summary_text
paper1.pdf,803.05,23,23064,290,llama3.2,29.14,"Here is the requested breakdown:

**1. Abstract Breakdown**

The abstract provides an overview of a systematic review on molecular imaging in autism spectrum disorder (ASD). It highlights the current state of research, methodological limitations, and areas for future studies. The authors aim to provide a comprehensive review of PET and SPECT imaging in ASD, highlighting their applications, limitations, and potential future directions.

**2. Methodology**

The methodology involves a systematic search of existing literature on molecular imaging in ASD using various databases. The authors selected studies that investigated the use of PET and SPECT imaging in ASD, including research on biomarkers, disease progression, and therapeutic monitoring.

**3. Key Findings and Significance**

Key findings include:

* Molecular imaging is a valuable tool for understanding ASD pathophysiology and developing new treatments.
* Current research highlights the potential of PET and SPECT imaging to detect biomarkers associated with ASD.
* The review suggests that future studies should focus on standardizing molecular imaging protocols and exploring their clinical applications.

The significance of this study lies in its comprehensive overview of molecular imaging in ASD, highlighting areas where current research is limited and suggesting avenues for future investigation. This can contribute to the development of new diagnostic tools and therapeutic approaches for ASD.

**4. Suggested Future Work**

Future studies should:

* Standardize molecular imaging protocols across different centers and populations.
* Explore the clinical applications of molecular imaging in ASD, including its potential as a biomarker for disease progression or treatment response.
* Investigate the use of PET and SPECT imaging to monitor therapeutic responses in ASD patients.

Overall, this systematic review provides a valuable overview of the current state of research on molecular imaging in autism spectrum disorder, highlighting areas where further investigation is needed."
paper2.pdf,518.05,9,4780,324,llama3.2,27.05,"Here's a breakdown of the text:

**Abstract Breakdown**

The abstract discusses a novel deep learning approach called Generative Adversarial Networks (GANs) for generative modeling tasks. The authors introduce a new variant of GANs, called WGAN-GP (Wasserstein GAN with Gradient Penalties), which improves upon previous GAN architectures by using gradient penalties to stabilize the training process.

**Methodology**

The methodology involves training a generator network and a discriminator network in an adversarial manner. The generator takes input data and produces synthetic samples, while the discriminator evaluates the quality of these samples. During training, the generator tries to produce samples that are indistinguishable from real data, while the discriminator aims to correctly classify generated samples as fake or real.

**Key Findings and Significance**

The key findings of this paper include:

* The introduction of WGAN-GP, a new variant of GANs that improves upon previous architectures.
* The use of gradient penalties to stabilize the training process, leading to improved performance and faster convergence.
* The demonstration of WGAN-GP's ability to generate high-quality synthetic samples that are indistinguishable from real data.

The significance of this paper lies in its contribution to the field of generative modeling, which has applications in various areas such as image synthesis, data augmentation, and more. The authors' introduction of WGAN-GP provides a new benchmark for evaluating the performance of GANs and opens up new avenues for research and application.

**Suggested Future Work**

The authors suggest future work on:

* Exploring the applications of WGAN-GP in various domains, such as image synthesis, data augmentation, and more.
* Investigating the theoretical foundations of WGAN-GP and its relationship to other deep learning architectures.
* Developing new variants of WGAN-GP that can tackle specific challenges or limitations in existing GANs.

Note: The text provided appears to be a paper on Generative Adversarial Networks (GANs), specifically introducing a new variant called WGAN-GP. If you would like me to extract information from a different text, please let me know!"
paper3.pdf,800.18,12,9927,200,llama3.2,20.54,"Here are the requested points:

**1. Simple breakdown of the abstract:**
The paper presents a deep learning framework for image classification and object detection tasks, achieving state-of-the-art results on several benchmark datasets.

**2. One-sentence description of the methodology:**
The authors propose a novel deep learning framework that integrates proposal networks with region-based convolutional neural networks (R-CNNs) for simultaneous object classification and localization.

**3. Key findings and their significance:**
The key findings include:
* The proposed framework achieves state-of-the-art results on image classification and object detection tasks.
* The framework outperforms existing methods by significantly reducing the top-5 localization error to 8.9% on the validation set and 9.0% on the test set.
* The use of RoI-centric training in R-CNNs leads to improved performance compared to image-centric training in Fast R-CNN.

**4. Suggested future work:**
Future research directions could include:
* Exploring other proposal networks, such as anchor-free proposals or multi-scale proposals, for further improving the framework's performance.
* Investigating the application of the proposed framework to other computer vision tasks, such as segmentation or generation.
* Developing more efficient training methods, such as transfer learning or online learning, to reduce the computational cost and increase the scalability of the framework."
paper4.pdf,534.24,24,10105,279,llama3.2,23.35,"Here is a breakdown of the requested information:

**1. Simple breakdown of the abstract**

The abstract states that machine learning has become powerful in finding patterns in data, driven by increasing computer power and algorithmic advances. It suggests that quantum systems may have an advantage over classical computers in this field, and that research is underway to develop concrete quantum software to exploit these advantages.

**2. One-sentence description of the methodology**

The methodology involves exploring how to devise and implement concrete quantum software for machine learning tasks.

**3. Key findings and their significance**

Although the abstract does not provide specific details on key findings, it mentions that recent work has made progress in addressing hardware and software challenges related to quantum machine learning. This suggests that researchers have made significant headway in developing quantum algorithms and implementations that can take advantage of quantum systems' unique properties.

The significance of this research lies in its potential to improve the performance of machine learning tasks on quantum computers, which could lead to breakthroughs in various fields such as optimization, simulation, and signal processing. By exploring the intersection of quantum computing and machine learning, researchers may uncover new insights and techniques that can be applied more broadly.

**4. Suggested future work**

Future research directions for quantum machine learning might include:

* Developing more efficient quantum algorithms for machine learning tasks
* Investigating the application of quantum machine learning to specific problems in various fields (e.g., optimization, material science, image recognition)
* Exploring the use of quantum annealing and other quantum optimization techniques for machine learning applications
* Investigating the potential benefits and challenges of using quantum machine learning on hybrid classical-quantum systems."
paper5.pdf,2163.32,15,6615,278,llama3.2,22.93,"Here is a breakdown of the abstract:

**1. Simple Breakdown of the Abstract**

The abstract appears to be discussing the use of attention mechanisms in natural language processing (NLP) tasks, specifically in the context of machine translation and sentence parsing. The text mentions various experiments and results related to attention mechanisms, but does not provide a clear overall summary or conclusion.

**2. One-sentence Description of the Methodology**

The methodology involves using attention mechanisms in neural networks for NLP tasks, with a focus on understanding how these mechanisms learn to perform different tasks and capture long-distance dependencies in input sequences.

**3. Key Findings and Their Significance**

Unfortunately, the abstract does not provide specific key findings or results from the experiments. However, based on the context of attention mechanisms in NLP, some possible key findings might include:

* The ability of attention mechanisms to capture long-distance dependencies in input sequences
* The importance of attention mechanisms for improving performance on machine translation and sentence parsing tasks
* The discovery of new patterns or structures in language that are captured by attention mechanisms

The significance of these findings would depend on the specific results and implications of the experiments.

**4. Suggested Future Work**

Based on the context of the abstract, some possible suggestions for future work might include:

* Further exploring the properties and limitations of attention mechanisms in NLP tasks
* Developing new architectures or techniques that combine attention mechanisms with other NLP techniques
* Investigating the use of attention mechanisms in other areas of NLP, such as question answering or text summarization.

However, without more information from the abstract, it is difficult to provide specific suggestions for future work."
paper6.pdf,757.0,16,10401,286,llama3.2,26.09,"Here are the requested points:

**1. Simple breakdown of the abstract:**

The paper presents a study on fine-tuning BERT for natural language processing (NLP) tasks, specifically on the MNLI and NER datasets. The authors explore the effect of different pre-training strategies, including masked language modeling (MLM), left-to-right training, and mixed masking, on the performance of BERT in fine-tuning. They also investigate the impact of different masking rates and feature-based approaches on NER tasks.

**2. One-sentence description of the methodology:**

The authors fine-tune pre-trained BERT models using a variety of masking strategies and explore their effects on the performance of BERT in MNLI and NER tasks, with a focus on identifying optimal pre-training strategies for improved fine-tuning accuracy.

**3. Key findings and their significance:**

Key findings include:

* Fine-tuning BERT requires a large amount of pre-training steps (1M) to achieve high accuracy.
* MLM pre-training converges slightly slower than LTR pre-training but outperforms it in absolute accuracy.
* Different masking strategies have varying effects on fine-tuning accuracy, with mixed masking being the most effective.
* The feature-based approach, which uses the last 4 layers of BERT as features, is surprisingly robust to different masking strategies and performs well in NER tasks.

These findings are significant because they provide insights into the optimal pre-training strategies for BERT fine-tuning and demonstrate the effectiveness of the feature-based approach for NER tasks.

**4. Suggested future work:**

Future work could build on these findings by exploring:

* Multitask fine-tuning, where multiple NLP tasks are optimized simultaneously.
* Adversarial attacks or defense mechanisms to improve robustness against adversarial examples.
* Transfer learning and few-shot learning approaches for BERT.
* Investigating the effectiveness of different pre-training objectives, such as contrastive learning or self-supervised learning."
paper7.pdf,1642.34,22,24139,325,llama3.2,26.64,"Here are the requested points:

**1. Simple breakdown of the abstract:**

The abstract discusses how deep learning has been successfully applied to various machine learning tasks, but notes that many tasks involve data from non-Euclidean domains represented as graphs with complex relationships between objects. The survey focuses on graph neural networks (GNNs) and their applications in data mining and machine learning.

**2. One-sentence description of the methodology:**

The study provides a comprehensive overview of graph neural networks (GNNs) in data mining and machine learning fields, summarizing existing research and highlighting key findings and future directions.

**3. Key findings and their significance:**

Unfortunately, there is no specific text to extract key findings from, as the abstract is quite general. However, I can provide a hypothetical summary of potential key findings and their significance:

The survey highlights several key findings in GNNs, including:

* The effectiveness of GNNs in handling complex graph structures and relationships.
* The ability of GNNs to learn node representations that capture meaningful graph patterns.
* The significant improvements in performance achieved by GNNs compared to traditional machine learning approaches on various tasks.
* The potential applications of GNNs in real-world domains, such as social network analysis, recommendation systems, and data mining.

These findings are significant because they demonstrate the power of GNNs in tackling complex graph-structured data and have practical implications for various industries and applications.

**4. Suggested future work:**

The survey does not explicitly mention suggested future work. However, some potential areas for future research include:

* Developing more efficient and scalable GNN architectures.
* Investigating the use of GNNs in multi-task learning and transfer learning settings.
* Exploring the application of GNNs to other non-Euclidean data domains, such as temporal and spatial data.
* Investigating the theoretical foundations of GNNs and their relationships to other machine learning approaches.

These are just hypothetical suggestions, and actual future work may focus on different areas or build upon existing research in the field."
paper8.pdf,2538.92,15,14574,239,llama3.2,20.74,"Here are the requested points:

**1. Simple breakdown of the abstract:**
The abstract briefly introduces the problem of machine learning algorithms requiring training and future data to be in the same feature space and distribution, which is not always possible in real-world applications. It highlights the need for a new learning framework called transfer learning to address this issue.

**2. One-sentence description of the methodology:**
This survey reviews the current progress on transfer learning methods for classification, regression, and clustering problems, categorizing them into different approaches such as feature-level and model-level transfer learning.

**3. Key findings and their significance:**
The survey highlights that transfer learning has emerged as a promising approach to address the problem of knowledge transfer between domains with different feature spaces or distributions. The key findings include:
* A variety of transfer learning methods have been proposed for classification, regression, and clustering problems.
* Feature-level transfer learning is more effective than model-level transfer learning in some cases.
* Transfer learning can improve the performance of machine learning algorithms by avoiding expensive data-labeling efforts.

**4. Suggested future work:**
Future work suggestions include:
* Developing more efficient and scalable transfer learning methods for large-scale datasets.
* Investigating the use of transfer learning in other areas such as natural language processing, computer vision, and reinforcement learning.
* Exploring the role of transfer learning in transfer learning with multiple sources, where data from multiple domains is combined to improve performance."
paper9.pdf,842.54,16,7409,168,llama3.2,18.45,"Here is a breakdown of the abstract:

**1. Simple breakdown of the abstract:**
The authors report on the results of a gravitational wave detection by LIGO and Virgo, two international networks of observatories that monitor the sky for these ripples in spacetime.

**2. One-sentence description of the methodology:**
The authors employed a matched-filter technique to search for signals in the data from the two detectors, analyzing 1 year of continuous operation of both LIGO Hanford and Virgo during the 100th observation run (O3).

**3. Key findings and their significance:**
The analysis yielded a strong candidate signal, GW190521, which is consistent with the merger of two stellar-mass black holes with masses 14.7 M⊕ and 9.2 M⊕. This detection provides evidence for binary black hole mergers in the early universe, shedding light on the population properties of compact binaries.

**4. Suggested future work:**
Future studies will focus on characterizing the properties of compact binaries, such as spin, mass ratio, and orbital eccentricity, to better understand their origins and evolutionary history."
paper10.pdf,1527.71,24,18132,288,llama3.2,26.74,"Here is a breakdown of the abstract:

**1. Simple Breakdown of the Abstract**

* The abstract discusses the Faiss library, an open-source software library for efficient similarity search and clustering of dense vectors.
* It provides an overview of the main components of the library, including indexing algorithms (e.g., flat index, inverted file index), quantization methods (e.g., product-quantized, binary string compression), and search techniques (e.g., fast-scan, SIMD-based search).
* The abstract also highlights the library's ability to handle high-dimensional vectors and its scalability for large datasets.

**2. One-Sentence Description of the Methodology**

The methodology employed by Faiss is based on a combination of indexing algorithms, quantization methods, and search techniques, designed to efficiently retrieve similar vectors in high-dimensional spaces.

**3. Key Findings and Their Significance**

Key findings:

* The Faiss library provides efficient similarity search and clustering capabilities for dense vectors.
* The library's indexing algorithms are optimized for scalability and performance.
* Quantization methods such as product-quantized and binary string compression enable efficient representation of high-dimensional vectors.

Significance:

* The Faiss library is a valuable resource for researchers and practitioners in fields such as computer vision, natural language processing, and machine learning.
* The library's efficiency and scalability make it an attractive solution for large-scale similarity search and clustering tasks.
* The quantization methods employed by Faiss enable efficient representation of high-dimensional vectors, which has significant implications for applications such as image recognition, object detection, and recommendation systems.

**4. Suggested Future Work**

Future work:

* Developing more advanced indexing algorithms that can handle non-uniformly distributed data.
* Improving the efficiency of quantization methods for specific use cases (e.g., image compression).
* Exploring applications of Faiss in emerging areas such as explainable AI, personalized recommendations, and autonomous systems."
paper11.pdf,749.61,37,10509,244,llama3.2,22.61,"Here are the requested sections:

**1. Simple breakdown of the abstract**

The abstract discusses the development of Retrieval Augmented Generation (RAG) systems, which combine large language models with real-time information retrieval to generate accurate and fact-based responses.

**2. One-sentence description of the methodology**

This paper presents a step-by-step guide on building RAG systems using PDF documents as the data source, covering key concepts, challenges, and best practices for developing effective RAG models.

**3. Key findings and their significance**

The key findings include:
* The importance of grounding large language models in real-time information retrieval to improve accuracy and relevance.
* The challenges associated with handling complex PDFs and extracting useful text.
* The potential applications of RAG systems in industries such as healthcare, legal research, and technical documentation.
These findings highlight the significance of RAG systems in generating accurate and fact-based responses, especially in knowledge-intensive tasks.

**4. Suggested future work**

Future research should focus on:
* Enhancing adaptive learning techniques to allow RAG models to continuously fine-tune themselves based on new data and user feedback.
* Developing cross-lingual retrieval capabilities to make RAG models more versatile and applicable to a wider range of global tasks.
* Integrating RAG systems with diverse data sources, such as knowledge graphs, to improve factual accuracy and reasoning capabilities.

These suggestions highlight the ongoing challenges and opportunities in the development of RAG systems, which will continue to play a key role in industries that require accurate and fact-based information."
paper12.pdf,1185.13,14,9389,228,llama3.2,21.87,"Here's a breakdown of the requested information:

**1. Simple breakdown of the abstract**

The abstract discusses the concept of Approximate Nearest Neighbor (ANN) search, which is a technique used to find the k most similar points in a high-dimensional dataset. The authors focus on the optimization of ANN indexing methods, particularly those based on k-Nearest Neighbor graphs, for efficient proximity search in large-scale datasets.

**2. One-sentence description of the methodology**

The methodology employed by the authors is an optimization technique for ANN indexing using Hierarchical Navigable Small World (HNSW) graphs, aiming to improve the efficiency and robustness of proximity search in high-dimensional data.

**3. Key findings and their significance**

Key findings include:

* Improved performance and robustness of HNSW-based ANN indexing methods
* Efficient handling of large-scale datasets
* Robustness against varying distances between points

The significance of these findings lies in the potential to significantly improve the efficiency and accuracy of proximity search in applications such as data mining, recommendation systems, and computer vision.

**4. Suggested future work**

Future work could include:

* Investigating the application of HNSW-based ANN indexing methods to specific domains, such as image recognition or natural language processing
* Exploring the use of other indexing techniques, such as k-d trees or grid-based methods, for comparison and optimization
* Developing more advanced algorithms that can effectively handle diverse datasets with varying density and distribution."
paper13.pdf,523.25,11,7230,262,llama3.2,23.9,"Here are the requested points:

**1. Simple breakdown of the abstract**

The abstract discusses the challenges in evaluating Retrieval-Augmented Generation (RAG) systems, which aim to improve large language models' ability to generate accurate answers with external knowledge sources. The authors propose a Comprehensive Full-chain Evaluation (CoFE-RAG) framework to evaluate RAG systems across their entire pipeline, including chunking, retrieval, reranking, and generation.

**2. One-sentence description of the methodology**

The authors develop a multi-granularity keyword framework to assess retrieved context and introduce a holistic benchmark dataset tailored for diverse data scenarios to facilitate thorough evaluation of RAG systems across their entire pipeline.

**3. Key findings and their significance**

The key findings are not explicitly stated in the provided text, but based on the abstract, it can be inferred that:

* The authors propose a CoFE-RAG framework, which suggests that they have identified the need for a comprehensive evaluation method.
* They develop a multi-granularity keyword framework to assess retrieved context, which implies that this approach improves the accuracy of retrieval evaluations.

The significance of these findings lies in their potential to provide a more thorough and accurate evaluation of RAG systems, enabling researchers and developers to improve these models and reduce the incidence of hallucinations.

**4. Suggested future work**

Based on the abstract, suggested future work could include:

* Fine-tuning and validating the proposed CoFE-RAG framework for various datasets and domains.
* Exploring the application of multi-granularity keywords in other NLP tasks, such as question answering or text classification.
* Developing more advanced evaluation methods that can capture the nuances of RAG systems' performance."
paper14.pdf,1623.6,21,16024,258,llama3.2,24.81,"Here are the requested points:

**1. Simple breakdown of the abstract**

The abstract discusses the limitations of Large Language Models (LLMs) in knowledge-intensive tasks, such as hallucination and outdated information. It highlights the potential of Retrieval-Augmented Generation (RAG) to improve accuracy and credibility by leveraging external databases. The paper aims to provide a comprehensive review of RAG paradigms.

**2. One-sentence description of the methodology**

The methodology involves a detailed examination of the progression of RAG paradigms, including Naive RAG, Advanced RAG, and Modular RAG, with a focus on their tripartite foundation: retrieval, generation, and augmentation techniques.

**3. Key findings and their significance**

Key findings include:

* The effectiveness of RAG in improving accuracy and credibility for knowledge-intensive tasks.
* The limitations of existing RAG frameworks, such as hallucination and outdated information.
* The potential for continuous knowledge updates and integration of domain-specific information with external databases.
* The synergistic benefits of merging LLMs' intrinsic knowledge with external databases.

Significance: These findings highlight the potential of RAG to address the limitations of LLMs in knowledge-intensive tasks, providing a more accurate and credible generation process. This has significant implications for applications such as natural language processing, question answering, and text summarization.

**4. Suggested future work**

Future work could include:

* Developing more advanced RAG frameworks that incorporate multi-modal inputs and outputs.
* Investigating the use of RAG in other domains, such as computer vision and robotics.
* Exploring the potential of RAG to improve transparency and explainability in LLMs.
* Investigating the trade-offs between accuracy and computational efficiency in RAG."
paper15.pdf,3566.4,12,7809,216,llama3.2,20.41,"Here is a breakdown of the requested information for the study:

**1. Simple breakdown of the abstract:**

The abstract describes a computational method developed to predict protein structures from de novo sequences. The authors utilized a machine learning approach, combining sequence features with physical constraints to generate accurate models. They applied their method to a large dataset from the CASP14 benchmark and achieved high accuracy in predicting protein structures.

**2. One-sentence description of the methodology:**

The authors developed a computational framework that integrates sequence features with physical constraints to predict protein structures from de novo sequences, utilizing a machine learning approach to improve accuracy.

**3. Key findings and their significance:**

The key finding is that the authors' method achieved high accuracy in predicting protein structures, outperforming existing methods in some cases. This is significant because it demonstrates the potential of machine learning-based approaches for structure prediction, which could lead to breakthroughs in fields such as protein engineering and drug discovery.

**4. Suggested future work:**

Future work should focus on improving the method's ability to handle complex structures and sequences, potentially by incorporating additional physical constraints or using more advanced machine learning architectures. Additionally, the authors suggest exploring applications of their method in other areas, such as predicting protein-ligand interactions or understanding the evolution of protein structures."
