Paper Number,summary_text,Word Count,Summarization Time (sec),rouge1_fmeasure,rouge2_fmeasure,rougeL_fmeasure,bertscore_precision,bertscore_recall,bertscore_f1,bertscore_avg
paper1,"1. Detailed Breakdown in Simple Terms:
This study investigates the neural basis of face processing in adults with Autism Spectrum Disorder (ASD). It compares Event-Related Potential (ERP) responses to familiar faces, newly familiar faces, and novel faces between individuals with ASD and neurotypical controls. The findings suggest that while both groups have intact ERP responses to familiar and newly familiar faces, adults with ASD exhibit altered ERP responses to inverted faces compared to upright ones. This indicates a potential impairment in the processing of social cues in the visual environment for individuals with ASD.

2. Key References and their Relation to this Work:
- Webb et al., 2010, 2012: These studies provide evidence that ERP responses to familiar faces are intact in adults with ASD. They serve as a foundation for the current study, which focuses on ERP responses to different types of faces (familiar, newly familiar, and novel) in the same population.
- Yamasaki et al., 2011: This work examines optic flow perception in ASD and offers insights into potential visual processing differences in individuals with ASD, which may be relevant to understanding face processing in this population.
- Woltering et al., 2013: This study demonstrates neurophysiological differences in inhibitory control between adults with ADHD and their peers. While not directly related to the current work, it shows that ERP research can provide valuable insights into cognitive functions in various populations.

3. Improvement upon Existing Literature:
This work extends the existing literature by providing a more nuanced understanding of face processing in ASD. Previous studies have primarily focused on familiar faces; this study introduces the concept of newly familiar faces and investigates the ERP responses to these stimuli, revealing differences between individuals with ASD and neurotypical controls.

4. Methodology:
The authors recruited 20 adults with ASD and 20 age-matched neurotypical participants for this study. They presented face images (familiar faces of participants themselves, newly familiar faces of unfamiliar peers, and novel faces) while recording ERPs. The study utilized a repeated-measures ANOVA to analyze the results.

5. Main Results and Conclusions:
The findings indicate that while both groups have intact ERP responses to familiar and newly familiar faces, adults with ASD exhibit altered ERP responses to inverted faces compared to upright ones. This suggests potential difficulties in processing social cues within the visual environment for individuals with ASD. The study adds to the growing body of evidence on the neural basis of face processing in ASD and highlights the importance of understanding visual processing differences in this population.",418,116.78,0.37423728813559326,0.10862186014935506,0.17627118644067796,0.8463831543922424,0.8373563289642334,0.8418456315994263,0.8418617049853007
paper2,"1. Detailed Breakdown:
   This paper presents a new technique called ""Generative Adversarial Networks"" (GAN). GAN is an innovative approach for creating realistic images by using two neural networks working together in competition. One network generates an image, while the other evaluates whether it looks real or not. Through this adversarial process, the generator learns to create more and more accurate images.

  2. Key References:
  - [1] Bengio et al.: Introduction to the field of deep learning
  - [5] Bengio et al.: Previous work on GANs by the authors
  - [6] Goodfellow et al.: Improved version of GAN with stability issues addressed
  - [7] Goodfellow et al.: Detailed explanation of GAN and its applications

  3. How this Work Improves Upon Existing Literature:
   Previous implementations of GANs faced instability issues during training, resulting in poor quality images. The authors propose a solution to these problems by introducing two key improvements: (1) modifying the optimization algorithm used for training and (2) using new techniques to normalize the learned features in the generated images. These modifications allow for more stable learning and higher-quality output images.

  4. Methodology Used:
  - The authors employ a deep convolutional neural network architecture as both the generator and discriminator networks.
  - They modify the training algorithm used to minimize the adversarial loss function, making it more stable and easier for the networks to converge.
  - They introduce batch normalization layers in the generator to improve the quality of the generated images by normalizing the learned features across each mini-batch.

  5. Main Results and Conclusions:
  - The authors demonstrate that their improved GAN can generate high-quality images from scratch without any prior training data, showing impressive results on image datasets such as MNIST (handwritten digits) and CIFAR10 (small-sized natural images).
  - They also show how their method can be applied to different domains, such as generating text samples or learning representations for various tasks.
  - Overall, the paper introduces an innovative approach to image generation using deep neural networks and provides a stable implementation of Generative Adversarial Networks that paves the way for further research in this field.",348,101.64,0.39928698752228164,0.13392857142857142,0.1978609625668449,0.8403961658477783,0.8372659683227539,0.8388281464576721,0.8388300935427347
paper3,"1. Detailed Breakdown: This abstract describes a research work that focuses on improving object detection and localization in images using deep learning models, specifically the ResNet-101 architecture. The authors improved upon the Faster R-CNN model by replacing Fast R-CNN with R-CNN for training on this dataset due to its RoI-centric nature. They achieved significant improvements in top-5 localization error compared to previous works, winning first place in the ImageNet localization task at ILSVRC 2015.

2. Key References and Their Relation: The key references mentioned are as follows:
   - GoogLeNet [44]: A deep convolutional neural network architecture proposed in 2014 that won the ImageNet competition.
   - Faster R-CNN [32]: An object detection system that uses a region proposal network (RPN) to generate proposals for an image, and then feeds these proposals into Fast R-CNN or another object detector for final detection.
   - OverFeat [40]: A convolutional neural network architecture used in the ImageNet competition in 2013.
   - VGG [41]: A deep convolutional neural network architecture used in the ImageNet competition in 2014 and 2015.
   - R-CNN [8]: An object detection system that selects regions of interest (RoIs) from an image, extracts them, resizes them to a fixed dimension, and feeds them into a convolutional neural network for classification and localization.

3. Improvement Upon Existing Literature: The authors improved upon existing literature by achieving lower top-5 localization error compared to previous works, including the GoogLeNet, Faster R-CNN, OverFeat, and VGG architectures on the ImageNet dataset. Their work won first place in the ImageNet localization task at ILSVRC 2015.

4. Methodology: The authors used a ResNet-101 architecture for their object detection system. They replaced Fast R-CNN with R-CNN for training due to the RoI-centric nature of the dataset. They applied the RPN trained as above on the training images to predict bounding boxes for each class, and these predicted boxes played a role as class-dependent proposals. For testing, the RPN generated the highest scored 200 proposals for each predicted class, and an ensemble of networks was used for both classification and localization to further improve results.

5. Main Results and Conclusions: The authors achieved a top-5 localization error of 14.4% on the validation set using their methodology, and this number significantly outperformed previous works (Table 14). With an ensemble of networks for both classification and localization, they achieved a top-5 localization error of 9.0% on the test set, demonstrating a 64% relative reduction of error compared to previous results in ILSVRC 2014. Their work won first place in the ImageNet localization task at ILSVRC 2015.",422,129.28,0.37962202136400985,0.09547325102880659,0.17584223500410848,0.8359498381614685,0.8312859535217285,0.8336113691329956,0.8336157202720642
paper4,"1. Detailed Breakdown: This article discusses the exciting field of quantum machine learning, which seeks to harness the unique properties of quantum systems to find patterns in data more efficiently than classical computers. The authors explain that while there are still significant hardware and software challenges, recent progress has been made towards finding concrete solutions.

2. Key References: Several key references are provided throughout the article. For instance, Reference [1401.2910] defines and detects quantum speedup. Reference [107] explores quantum inference on Bayesian networks, while Reference [108] investigates whether small quantum systems can learn.

3. Improvement upon Existing Literature: The authors highlight that their work contributes to the ongoing efforts to bridge the gap between theoretical possibilities and practical implementation of quantum machine learning algorithms. They aim to provide a clear understanding of the current state of the field, its challenges, and potential solutions.

4. Methodology: The authors discuss various techniques and strategies being developed for quantum machine learning, such as implementing quantum versions of classical algorithms (e.g., Reference [106]), employing reinforcement learning to adaptively control quantum systems (Reference [102]), and designing quantum generalizations of neural networks (Reference [103]). They also touch upon the importance of defining and detecting quantum speedup (Reference [1401.2910]) and the role of machine learning in predicting and compensating for qubit decoherence (Reference [105]).

5. Main Results and Conclusions: The authors summarize that while significant progress has been made, the hardware and software challenges are still considerable. They emphasize the need for continued research to develop practical quantum machine learning algorithms and tools that can offer advantages over their classical counterparts. The article serves as a comprehensive overview of current developments in this burgeoning field and offers insights into its future directions.",285,85.81,0.3776091081593928,0.15589353612167298,0.2201138519924099,0.8606127500534058,0.8471055030822754,0.853805661201477,0.8538413047790527
paper5,"1. Detailed Breakdown in Simple Terms: The authors have developed a new deep learning model for machine translation, focusing on improving the attention mechanism. Attention helps the model understand the context of each word during translation, similar to how humans read a sentence. In this work, they use self-attention, where words attend to themselves and other words in the same sentence. They also incorporate multi-head self-attention, allowing the model to focus on multiple aspects simultaneously.

2. Key References and How They Relate to This Work: The authors reference several works that have contributed to the development of attention mechanisms in deep learning models, such as ""Bahdanau, Chung, and Bengio (2014)"" and ""Vaswani et al. (2017)"". These papers introduced the idea of using attention for machine translation tasks, and the current work improves upon them by incorporating multi-head self-attention and examining its impact on performance.

3. How This Work Improves Upon Existing Literature: The authors demonstrate that their model outperforms existing methods in terms of translation quality. They argue that this is due to the use of multi-head self-attention, which allows the model to better capture long-distance dependencies and focus on multiple aspects of a sentence simultaneously.

4. Concise Summary of Methodology Used: The authors train their deep learning model using large datasets of parallel text (text in two languages). They use a transformer architecture with multi-head self-attention layers and position-wise feed-forward networks. To evaluate their model, they compare it to other state-of-the-art models on several translation tasks.

5. Main Results and Conclusions: The authors show that their model achieves significant improvements in terms of translation quality compared to existing methods. They also demonstrate that multi-head self-attention plays a crucial role in this improvement, allowing the model to better understand the context and structure of sentences during translation. This work advances the state-of-the-art in machine translation using deep learning models.",309,92.81,0.4295652173913044,0.18466898954703834,0.22608695652173916,0.8621596097946167,0.829689621925354,0.8456130027770996,0.8458207448323568
paper6,"1. Detailed Breakdown: The authors present a study on a language model named BERT (Bidirectional Encoder Representations from Transformers). They investigate two aspects of BERT: pre-training and masking strategies. Pre-training is the process where the model learns from large amounts of text data without being specifically trained for any particular task. The authors test how much pre-training is necessary to achieve high accuracy in fine-tuning, using the example of MNLI (Multi-Genre Natural Language Inference) as a benchmark. They also explore different masking strategies used during pre-training and their impact on fine-tuning performance.

2. Key References: The authors mention several important works related to BERT in this abstract. These include the original paper introducing BERT (Devlin et al., 2018) and another study by Jakobovits et al. (2019) that uses the left-to-right masking strategy during pre-training.

3. Improvement upon Existing Literature: The authors improve on existing literature by providing insights into the effects of different masking strategies during pre-training and how they impact fine-tuning performance. They also demonstrate that BERT achieves higher accuracy when trained for a larger number of steps, even though it requires significant computational resources.

4. Methodology: The authors use BERT as their base model. They train this model using two masking strategies: the original mixed strategy used by BERT and a left-to-right masking strategy. They test these models on the MNLI dataset for fine-tuning, comparing the results with other masking strategies such as replacing the target token with [MASK] or another random token.

5. Main Results and Conclusions: The authors find that BERT is robust to different masking strategies during fine-tuning. However, using only the [MASK] strategy was problematic when applying the feature-based approach to Named Entity Recognition (NER). They also discover that BERT achieves almost 1% additional accuracy on MNLI when trained for a million steps compared to 500,000 steps. The authors conclude that their findings provide valuable insights into the effects of masking strategies and pre-training time in achieving high performance during fine-tuning with language models like BERT.",332,99.47,0.37136113296616835,0.11347517730496454,0.17309205350118015,0.8502358198165894,0.8397824764251709,0.8449768424034119,0.8449983795483907
paper7,"1. Detailed Breakdown: This abstract discusses the recent advancements in deep learning, which have been successful in various machine learning tasks. However, it highlights that there are numerous applications where data isn't represented in Euclidean space but as graphs with complex relationships. The authors of this survey provide a comprehensive overview of Graph Neural Networks (GNNs) and their application in the field of data mining and machine learning.

2. Key References: This work builds upon many existing studies that have developed GNNs to handle graph data, which are complex and challenging for traditional machine learning algorithms. Some key references mentioned include Structural RNN (2016), CGCN (2017), IJCAI-18 ST-GCN (2018), GraphWaveNet (2019) among others.

3. Improvement upon Existing Literature: The authors aim to summarize the current state of GNNs and provide a resource for researchers looking to apply them to various graph data tasks. By compiling and organizing this information, they hope to facilitate further advancements in the field.

4. Methodology Used: The authors survey existing literature on GNNs and categorize them based on their design and purpose. They also provide open-source implementations of these models for researchers to build upon.

5. Main Results and Conclusions: This work presents a comprehensive overview of the various types of GNNs currently available, along with their applications and limitations. The authors believe that by understanding the current state of the field, researchers can drive further advancements in graph-based machine learning.",236,75.13,0.3371783496007098,0.14755555555555558,0.1792369121561668,0.8659793734550476,0.8423179984092712,0.8539848327636719,0.8540940682093302
paper8,"1. Detailed Breakdown: This study offers an overview of transfer learning, a technique that aims to improve machine learning performance in a specific domain by utilizing knowledge from another related but potentially different domain. The main assumption in most machine learning algorithms is that both training data and future data should be similar. However, this is not always the case in real-world scenarios, where there may be a lack of sufficient training data for the task at hand. Transfer learning can help by leveraging information from another domain to avoid costly data labeling efforts.

2. Key References:
   - Shi et al., (ECML/PKDD '08) discuss actively transferring domain knowledge.
   - Kuhlmann and Stone (ECCML '07) talk about graph-based domain mapping for transfer learning in general games.
   - Dai et al. (NIPS '08) introduce the concept of translated learning.
   - Li et al. (ICML '09, IJCAI '09) focus on transfer learning for collaborative filtering and cross-domain collaborative filtering respectively.
   - Xing et al. (TKDE '13) provide a comprehensive study on transfer learning methods and their applications.

3. Improvement upon Existing Literature: The authors' survey builds upon earlier work by categorizing and reviewing the current progress of transfer learning for classification, regression, and clustering problems. They provide insights into various approaches to transfer learning, discuss their advantages and limitations, and offer suggestions for future research directions.

4. Methodology Used: The study follows a systematic approach in gathering existing literature on transfer learning methods and categorizing them based on their applications (classification, regression, clustering), their learning paradigms (supervised, unsupervised, semi-supervised), and the types of knowledge transferred (features, models, or labels).

5. Main Results & Conclusions: The authors identify several challenges in transfer learning, such as domain mismatch, lack of annotated data, and generalization across domains. They discuss various techniques that have been proposed to address these issues, including feature learning, model adaptation, and multi-task learning. Despite the progress made, they note that much work remains to be done for transfer learning to become a robust and widely applicable technique in machine learning and data mining.",341,102.48,0.40165289256198344,0.15066225165562913,0.21652892561983472,0.8610947132110596,0.8558505177497864,0.8584645986557007,0.8584699432055155
paper9,"1. Detailed Breakdown of the Abstract:
The abstract provides a brief overview of a research study that aims to observe gravitational waves using the LIGO (Laser Interferometer Gravitational-Wave Observatory) detector network. The study was conducted by the LIGO Scientific Collaboration and Virgo Collaboration, which are international teams of scientists working together to detect and analyze gravitational waves. The team reports the observation of a gravitational wave signal (GW170814), which they attribute to the collision of two black holes approximately 1.36 and 2.9 times the mass of our sun. This event occurred on August 14, 2017, and the signal was detected by all three LIGO observatories and one Virgo detector. The results contribute to our understanding of gravity, the nature of black holes, and the cosmic population of binary black hole systems.

  2. Key References and Relation:
The work builds upon several key references in the field of gravitational wave astronomy. For instance, references [1] and [2] provide an overview of the LIGO detectors and their operational principles, while reference [3] discusses the theoretical predictions of binary black hole mergers and their expected gravitational wave signals. Other references [4]-[6] delve into the analysis methods used to confirm the detection of a gravitational wave signal from GW170814, such as parameter estimation, template banking, and Bayesian inference techniques.

  3. Improvement upon Existing Literature:
This work improves upon existing literature by providing empirical evidence for the existence of binary black hole mergers and their gravitational wave emission. Previous studies had primarily relied on theoretical predictions, but this research offers direct observation of such events. Moreover, the results help refine our understanding of the population statistics of binary black holes, which can be used to constrain theories of stellar evolution and gravitation.

  4. Methodology:
The team utilized the LIGO detector network consisting of three observatories (Hanford, Livingston, and Virgo) to capture the gravitational wave signal from GW170814. The data was analyzed using various techniques, such as matched filtering, template banking, and Bayesian inference methods to extract the physical properties of the binary black hole system responsible for the observed signal.

  5. Main Results and Conclusions:
The main results include the measurement of the masses and spins of the two merging black holes (approximately 1.36 and 2.9 solar masses, with minimal spin) and the determination of the source location in the sky. The detected event, GW170814, occurred approximately 1.3 billion light-years away. The research confirms that binary black hole mergers are a significant and common cosmic phenomenon, providing valuable insights into gravitational physics and the nature of black holes.",423,124.0,0.4475920679886686,0.19148936170212766,0.23796033994334273,0.8494518995285034,0.80586177110672,0.8270828723907471,0.8274655143419901
paper10,"1. Detailed Breakdown (in Simple Terms):
   This work is about designing efficient indexing structures for large datasets containing vectors in a high-dimensional space. Efficient search operations are crucial when working with such large datasets, as the standard methods become computationally expensive and time-consuming. The paper proposes several index types, including Inverted File Indexes (IVF), Hierarchical Navigable Small World (HNSW) graph-based index, Nearest Subspace Graph (NSG) index, and various quantizers such as Product Quantizer (PQ), Scalar Quantizer (SQ), and Additive Quantizer (AQ). These structures are designed to achieve fast search operations while reducing memory usage.

2. Key References and Relation to the Work:
   The work builds upon previous research in vector quantization, indexing techniques, and graph-based indexes. Specifically, it is influenced by works on Product Quantizer (PQ) [1], Scalar Quantizer (SQ) [2], Additive Quantizer (AQ) [3], Inverted File Index (IVF) [4], Hierarchical Navigable Small World (HNSW) graph-based index [5], and Nearest Subspace Graph (NSG) [6].
   - [1] Joulin, A., & Lenssen, J. (2016). Quantization for Deep Learning: A Review. arXiv preprint arXiv:1609.07538.
   - [2] Galhotra, R., Kumar, M., Pal, D., & Gupta, H. (2015). Scalar quantization for efficient coding of speech signals. Speech Communication, 65(4), 290-298.
   - [3] Goldberger, A. L., & Schutz, S. E. (1967). The additive Gaussian quantizer. IEEE Transactions on Information Theory, 13(3), 329-340.
   - [4] Matsubayashi, K., Nagai, T., & Matsumoto, H. (2008). Efficient nearest neighbor search with hierarchical inverted indexing. Information Processing and Management, 44(5), 935-947.
   - [5] Shi, W., Li, C., Zhang, G., & Xu, B. (2014). Hierarchical Navigable Small World Graph for Approximate Nearest Neighbor Search. Proceedings of the VLDB Endowment, 7(10), 1375-1386.
   - [6] Kulesza, A., & Salakhutdinov, R. (2012). Learning subspace embeddings with nearest neighbors. Advances in Neural Information Processing Systems, 24, 903-911.

3. Improvement over Existing Literature:
   The main improvement of this work lies in the design and implementation of efficient index structures that balance search speed, memory usage, and computational complexity. The proposed index types (IVF, HNSW, NSG) provide significant improvements in terms of search efficiency compared to traditional methods while being less memory-intensive than some existing graph-based indexes. Furthermore, the quantizer designs have been optimized for performance on floating-point vectors and demonstrate competitive accuracy when compared with state-of-the-art methods.

4. Methodology:
   The authors design several index structures and quantizers based on the literature review and practical considerations. They then implement these structures in CPU Faiss, a popular C++ library for large-scale similarity search. To evaluate their performance, they conduct experiments using various datasets (e.g., MNIST, CIFAR-10) and measure the search time, memory usage, and computational complexity of each index type under comparison.

5. Main Results and Conclusions:
   The results show that the proposed index structures significantly outperform traditional methods in terms of search efficiency while being less memory-intensive than some existing graph-based indexes. For example, IVF with coarse quantizer achieves faster search times compared to exact search using a kd-tree for high-dimensional datasets. Similarly, HNSW provides better performance than the Inverted File Index in terms of both time and memory usage. The authors conclude that their work provides valuable contributions to the field by proposing efficient index structures tailored for large-scale similarity search problems with floating-point vectors.",528,176.55,0.40490797546012275,0.12286689419795223,0.16087252897068852,0.7992117404937744,0.8219305276870728,0.8104119300842285,0.8105180660883585
paper11,"1. Detailed Breakdown of the Abstract in Simple Terms:
   This paper describes a step-by-step guide for creating Retrieval Augmented Generation (RAG) systems, which use PDF documents as their data source. It connects theory with practice, providing examples and code snippets to help developers build efficient RAG systems that retrieve relevant information and generate accurate responses. The paper also discusses potential challenges in handling complex PDFs and provides suggestions for optimizing the RAG system.

2. Key References and How They Relate to This Work:
   - [1, 2, 3, 4, 6, 7, 8]: These references discuss various aspects of Retrieval Augmented Generation (RAG) systems, dense vector search, knowledge-intensive NLP tasks, adaptive learning techniques, and integrating RAG models with diverse data sources. This work builds upon these foundational ideas to offer a practical guide for developers looking to implement RAG systems in their projects.
   - [5]: This reference provides best practices for training large language models, offering insights that can help optimize the performance of RAG systems.

3. How this Work Improves Upon Existing Literature:
   The work presented in this paper improves upon existing literature by providing a concise, practical guide for developers to build efficient RAG systems using PDF documents as their data source. It offers clear examples and code snippets, helping developers avoid common mistakes and optimize the performance of their RAG systems. Additionally, it discusses potential challenges in handling complex PDFs and provides suggestions for overcoming these issues.

4. Concise Summary of Methodology Used:
   The methodology used in this paper involves creating a step-by-step guide for building RAG systems that use PDF documents as their data source. It also discusses various approaches to handling complex PDFs and extracting useful text from them. Additionally, it highlights different tools available, such as proprietary APIs like OpenAI's GPT and open-source models like Llama 3.1, to help developers choose the best options for their needs.

5. Main Results and Conclusions:
   The main results of this work are a practical guide for building RAG systems, with examples and code snippets that help developers optimize their systems for performance. The conclusions emphasize the importance of Retrieval Augmented Generation (RAG) systems in industries like healthcare, legal research, and technical documentation, as they can improve the accuracy and relevance of generative AI applications. This guide offers a solid foundation for optimizing RAG systems and extending the potential of generative AI in practical applications.",395,109.51,0.5306465155331654,0.26745164003364175,0.2804366078925273,0.8711210489273071,0.8603118658065796,0.8656827211380005,0.8657052119572958
paper12,"1. Detailed Breakdown in Simple Terms:
This work focuses on optimizing the search for similar items (such as images or products) in high-dimensional data, where high-dimensional means there are many features describing each item. The authors propose a method called ScaNN (Scalable Near Neighbors), which significantly reduces memory and computation costs compared to existing methods while maintaining good search performance.

2. Key References and How They Relate to This Work:
- [35] ""Announcing ScaNN: Efficient Vector Similarity Search"" - This is the original paper introducing the ScaNN method, which serves as the basis for this work.
- [36] M. Iwasaki and D. Miyazaki's work (October 2018) on indexing based on k-Nearest Neighbor Graph for proximity search in high-dimensional data - This work uses a similar approach, but the authors claim that ScaNN improves upon it by reducing memory and computation costs.
- [37] Y. A. Malkov and D. A. Yashunin's paper (April 2020) on Efficient and Robust Approximate Nearest Neighbor Search Using Hierarchical Navigable Small World Graphs - This work is also relevant as it discusses efficient approximate nearest neighbor search in high-dimensional data, but again the authors claim that ScaNN improves upon it.

3. How this Work Improves Upon Existing Literature:
The authors argue that existing methods for searching similar items in high-dimensional data require a large amount of memory and computation resources, which makes them impractical for handling very large datasets. They claim that ScaNN significantly reduces these requirements while maintaining good search performance.

4. Concise Summary of Methodology Used:
The authors use a combination of sampling, clustering, and data structures to preprocess the high-dimensional data and build an index for efficient approximate nearest neighbor search. They also introduce a technique called progressive refinement to improve the quality of the results during search.

5. Main Results and Conclusions:
The authors demonstrate that ScaNN outperforms existing methods in terms of memory and computation costs while maintaining good search performance. They show results on several large-scale datasets, including image classification tasks, demonstrating the practicality and efficiency of their approach. The work concludes with suggestions for future research, such as exploring applications in other domains and investigating other types of data structures that could further improve upon ScaNN's performance.",368,107.83,0.3511338697878566,0.1084249084249084,0.16678858814923192,0.846234917640686,0.8283530473709106,0.8371984958648682,0.8372621536254883
paper13,"1. Detailed Breakdown:
Retrieval-Augmented Generation (RAG) is a technique that helps large language models produce more accurate and reliable answers by utilizing external knowledge sources, thus reducing the chances of hallucinations. However, evaluating these systems remains challenging due to limited data diversity, difficulties in locating problems within the pipeline, and unreliable retrieval evaluation. To overcome these challenges, this work proposes a Comprehensive Full-chain Evaluation (CoFE-RAG) framework to thoroughly evaluate RAG systems across all stages: chunking, retrieval, reranking, and generation. The authors introduce multi-granularity keywords, such as coarse-grained and fine-grained keywords, to assess the relevance of the retrieved context instead of relying on golden chunks. They also release a benchmark dataset tailored for various data scenarios encompassing diverse document formats and query types to demonstrate the utility of CoFE-RAG.

2. Key References and Relation:
This work builds upon existing literature in Retrieval-Augmented Generation (RAG) and evaluation methods. The authors reference various works that address issues related to RAG, including ""Retrospective Analysis of Retrieval-Augmented Generation: Hallucinations, Consistency, and Failures"" by Aghajani et al., which highlights the need for effective evaluation methods in RAG systems, and ""A Longitudinal Study of Retrieval-Based Response Selection"" by Li et al., which discusses difficulties in locating problems within the RAG pipeline.

3. Improvement over Existing Literature:
This work addresses the limitations of existing evaluation methods for RAG systems, such as insufficient diversity, obscure problem location, and unstable retrieval evaluation. The authors propose CoFE-RAG, a comprehensive framework that offers a more thorough evaluation across all stages of the pipeline, introduces multi-granularity keywords to assess the relevance of the retrieved context, and releases a benchmark dataset tailored for diverse data scenarios.

4. Methodology:
The authors propose CoFE-RAG, a comprehensive framework that consists of four stages: chunking, retrieval, reranking, and generation. To evaluate the first three stages effectively, they introduce multi-granularity keywords to assess the relevance of the retrieved context instead of relying on golden chunks. They also release a benchmark dataset tailored for diverse data scenarios covering various document formats and query types.

5. Main Results and Conclusions:
The authors demonstrate that CoFE-RAG can evaluate each stage of RAG systems effectively, providing insights into the strengths and weaknesses of these systems. The multi-granularity keywords proved to be an effective method for assessing the relevance of retrieved context. The benchmark dataset released by the authors will help advance research in this field and provide a standardized evaluation framework for future studies on RAG systems.",404,122.48,0.4569138276553107,0.20066889632107024,0.23380093520374082,0.8719276189804077,0.852768063545227,0.8622414469718933,0.862312376499176
paper14,"1. Detailed Breakdown: This paper discusses a method called Retrieval-Augmented Generation (RAG) to improve the performance of Large Language Models (LLMs). RAG combines the knowledge from LLMs with information from external databases, making it more accurate and reliable for complex tasks that require extensive knowledge. The review covers three types of RAG paradigms: Naive, Advanced, and Modular.

2. Key References: The paper references various works related to RAG and LLMs, including a seminal work by J. Li et al., which discusses the use of external databases for improving knowledge-intensive tasks (174). Other references include papers that focus on the advancements in retrieval, generation, and augmentation techniques in RAG frameworks.

3. Improvement upon Existing Literature: This work contributes to the field by providing a comprehensive review of the development of RAG paradigms and the underlying technologies. By doing so, it provides insights into the strengths and weaknesses of existing methods and opens up new avenues for further research in this area.

4. Methodology: The methodology used in this paper involves a systematic literature review of articles related to Retrieval-Augmented Generation. The authors meticulously analyze various aspects of RAG frameworks, including their components and their impact on the overall performance.

5. Main Results and Conclusions: The findings of the study suggest that RAG has shown promise in enhancing the capabilities of LLMs, particularly for knowledge-intensive tasks. However, there are still challenges to be addressed, such as ensuring the quality of data retrieved, optimizing the integration of external information with the LLM, and maintaining transparency in the reasoning process. The authors conclude that further research is needed to address these issues and improve the performance of RAG frameworks.",275,88.39,0.3677269200930955,0.16472416472416473,0.18929402637703646,0.8834518194198608,0.8595800399780273,0.87135249376297,0.8714614510536194
paper15,"1. Abstract Breakdown:

   The authors describe a new computational model named ""AlphaFold2"" that can predict the 3D structure of proteins from their amino acid sequences, improving upon previous methods in terms of accuracy and speed. They validated AlphaFold2 by comparing its predictions to experimental structures from the Protein Data Bank (PDB) for a large dataset of protein domains, demonstrating superior performance compared to other popular prediction tools. The authors also applied their method to the Critical Assessment of Structure Prediction (CASP14) benchmark set, outperforming all other approaches in terms of median Global Distance Test (GDT) score.

   In simpler terms, AlphaFold2 is a new tool that can predict the shape and structure of proteins based on their sequence, outperforming other tools in accuracy and speed. The authors tested it against real protein structures and found it to be very accurate, even outperforming other methods in a well-known challenge called CASP14.

  2. Key References and Relation to Work:

   - The authors draw inspiration from previous developments in the field of protein structure prediction, notably AlphaFold (original version) and RoseTTAFold. They mention that these methods have improved significantly over the past few years, but there is still room for improvement in terms of accuracy, speed, and general applicability.
   - The authors compare their results with other popular prediction tools such as RaptorX-on-the-fly, DeepMind-5 and I-TASSER, demonstrating superior performance by AlphaFold2.
   - They also cite previous versions of the Protein Data Bank (PDB) used for training and validation purposes.

3. Improvement over Existing Literature:

   The authors improve upon existing literature in several ways. Firstly, they utilize a novel combination of deep learning techniques and physics-based refinement to predict protein structures with greater accuracy and speed compared to previous methods. Secondly, their approach can handle a wider range of proteins, including ones that were difficult for previous tools to predict accurately. Lastly, they provide open-source software that enables others in the scientific community to benefit from their advances.

4. Methodology Summary:

   The authors developed AlphaFold2 by combining deep learning techniques with physics-based refinement. They trained their model on a large dataset of protein structures obtained from the PDB, and used it to predict the 3D structures of various proteins based on their amino acid sequences. The authors also implemented an iterative refinement process to further improve the accuracy of the predictions.

5. Main Results and Conclusions:

   The main results show that AlphaFold2 outperformed other popular prediction tools in terms of median Global Distance Test (GDT) score when compared against experimental structures from the PDB. They also applied their method to the CASP14 benchmark set, demonstrating superior performance compared to all other approaches. The authors conclude that AlphaFold2 represents a significant advancement in protein structure prediction and offers exciting possibilities for applications in drug discovery, structural biology, and many other areas of research.",467,123.77,0.5003958828186857,0.15860428231562254,0.21694378463974667,0.8586716651916504,0.8544010519981384,0.856531023979187,0.8565345803896586
