Paper Number,summary_text,Word Count,Summarization Time (sec)
"Paper 1 Summary:
Extracting structured text from PDF...
Structured text saved to structured_paper.txt
Generating summary...
--- Summary of the Research Paper ---","1. Detailed Breakdown of the Abstract in Simple Terms:
The authors reviewed several studies about neurophysiological differences between individuals with Autism Spectrum Disorder (ASD) and those without it. They focused on brain activity during tasks that involved face processing, optic flow perception, error awareness, inhibitory control, and attention. Their review found consistent evidence of impairments in these areas for individuals with ASD compared to their neurotypical peers.
2. Key References and How They Relate to This Work:
- Webb et al., 2010, 2012: These studies explored face processing in adults with ASD and found differences in response to familiar and novel faces. The current work builds on these findings by reviewing a broader range of studies on face processing.
- Yamasaki et al., 2011: This study examined optic flow perception in individuals with ASD and revealed impairments, which is consistent with the overall pattern of findings highlighted in this review.
- Wessel, 2012: This paper discussed error awareness and the error-related negativity, providing a foundation for understanding the potential differences between neurotypical and ASD individuals when it comes to error awareness.
- Woltering et al., 2013: This study explored inhibitory control in adults with ADHD and demonstrated that those with ADHD had impairments compared to their peers, further supporting the idea of neurophysiological differences between typically developing individuals and those with various disorders.
3. Improvement Upon Existing Literature:
By systematically reviewing multiple studies across different research areas (face processing, optic flow perception, error awareness, inhibitory control, and attention), this work provides a comprehensive synthesis of the current evidence on neurophysiological differences between individuals with ASD and their peers.
4. Methodology Used:
The authors conducted a systematic review by searching scientific databases (PubMed, PsycINFO, and Web of Science) for relevant studies that met specific inclusion criteria. They then extracted data from the selected studies and analyzed it to identify patterns and trends in the findings.
5. Main Results and Conclusions:
The authors found consistent evidence across multiple domains that individuals with ASD have neurophysiological differences compared to their typically developing peers. These differences include impairments in face processing, optic flow perception, error awareness, inhibitory control, and attention. Overall, this review highlights the need for further research into the underlying mechanisms responsible for these differences and how they contribute to the challenges faced by individuals with ASD.",385,48.99
"Paper 2 Summary:
Extracting structured text from PDF...
Structured text saved to structured_paper.txt
Generating summary...
--- Summary of the Research Paper ---","1. In simple terms, this research introduces a new method called ""Generative Adversarial Networks"" (GANs). GANs are a type of artificial intelligence that can generate new data similar to existing ones. They work by two networks competing with each other: one network generates data while the other judges whether the generated data is real or not. The goal is for the generator to improve over time so it can produce data indistinguishable from real data.
2. Key references in this work are primarily related to deep learning and machine learning literature. For instance, [15] Hinton et al., (2015) introduces the concept of ""neural style transfer,"" which is a precursor to GANs. [3] Bengio et al., (2013) discusses deep convolutional networks and their applications in various fields. [6] Bengio et al., (2014) delve into generative models, which form the basis of GANs. Other references provide important background on deep learning techniques and theory.
3. This work improves upon existing literature by offering a novel approach to generating realistic images, audio, and other types of data. Unlike traditional generative methods that tend to generate simple or distorted samples, GANs can produce high-quality, complex data with impressive results.
4. The main methodology used in this work involves training two neural networks: the generator network and the discriminator network. These networks are set up in a competitive manner where the generator tries to produce increasingly realistic samples while the discriminator aims to correctly identify real or fake data. A specific optimization algorithm called ""adversarial loss"" is employed to drive the learning process.
5. The main results of this work demonstrate that GANs can generate high-quality images that are indistinguishable from actual photographs, as well as synthesize realistic audio samples. This has various applications, such as generating new images for movies or games, creating personalized content, and improving the performance of other machine learning tasks. The conclusions highlight the potential of GANs in future research and development in AI.",324,41.68
"Paper 3 Summary:
Extracting structured text from PDF...
Structured text saved to structured_paper.txt
Generating summary...
--- Summary of the Research Paper ---","1. Detailed Breakdown: This work presents a research study that focuses on object recognition using deep learning models, particularly for the ImageNet dataset. The authors improved an existing method called Faster R-CNN by using a different architecture called ResNet-101. They also introduced a new technique to train their model called RoI-centric training. This method significantly reduced the error rate in predicting object locations compared to previous methods, achieving first place in both the ImageNet object recognition and localization tasks at the ILSVRC 2015 competition.
2. Key References and Relation: The study references several important works that have contributed to the field of deep learning for object recognition. These include OverFeat (ILSVRC'13), GoogLeNet (ILSVRC'14), VGG (ILSVRC'14), and R-CNN (ICCV'14). The authors built upon these works, improving their methods and achieving better results on the ImageNet dataset.
3. Improvement over Existing Literature: Compared to previous state-of-the-art models like OverFeat, GoogLeNet, and VGG, the proposed method achieved a 64% relative reduction in error rate for object localization on the ImageNet dataset. This improvement demonstrates the effectiveness of their approach.
4. Methodology: The authors first trained a Region Proposal Network (RPN) using ResNet-101 to predict bounding boxes for ground truth classes. They then used these predicted boxes as proposals for training an R-CNN classifier. This R-CNN network was fine-tuned on the training set using RoI-centric training. For testing, they generated proposals for each predicted class and updated their scores and positions using the R-CNN network. They also used an ensemble of networks to further improve their results.
5. Main Results and Conclusions: The authors achieved a top-5 localization error of 10.6% on the validation set, significantly outperforming previous methods. Their single-model result won first place in the ImageNet localization task at ILSVRC 2015. By using an ensemble of networks for both classification and localization, they achieved a top-5 localization error of 9.0% on the test set, further improving their results. This work demonstrates the potential of deep learning models in object recognition tasks and paves the way for future research in this area.",339,45.87
"Paper 4 Summary:
Extracting structured text from PDF...
Structured text saved to structured_paper.txt
Generating summary...
--- Summary of the Research Paper ---","1. Detailed Breakdown: This work explores the potential for quantum computers to outperform classical computers in machine learning tasks, as quantum systems can produce patterns not efficiently produced by classical systems. The field of quantum machine learning is investigating how to create concrete software that takes advantage of these unique properties. While significant hardware and software challenges remain, recent advancements have paved the way towards solutions.
2. Key References:
- [104] Lu et al.: Towards quantum supremacy: enhancing quantum control by bootstrapping a quantum processor
- [105] Mavadia et al.: Prediction and real-time compensation of qubit decoherence via machine learning
- [106] RÃ¸nnow et al.: Defining and detecting quantum speedup
- [107] Low et al.: Quantum inference on Bayesian networks
- [108] Wiebe & Granade: Can small quantum systems learn?
- [109] Wiebe, Kapoor & Svore: Quantum perceptron models
- [110] Scherer et al.: Concrete resource analysis of the quantum linear-system algorithm used to compute the electromagnetic scattering cross section of a 2d target
These references showcase various approaches and techniques for implementing quantum software that offers advantages over classical systems in machine learning tasks.
3. Improvement upon Existing Literature: The work presented here provides a comprehensive overview of the field of quantum machine learning, summarizing recent advancements and outlining open challenges. By discussing various approaches to creating quantum software, it serves as a valuable resource for researchers in this growing field.
4. Methodology Used: This work does not present original research but rather provides an overview of existing methods used in the field of quantum machine learning. The research summarizes various techniques, such as enhancing quantum control, predicting and compensating for qubit decoherence, defining and detecting quantum speedup, and applying quantum algorithms to solve machine learning problems.
5. Main Results and Conclusions: The main result is a summary of the current state of the field of quantum machine learning, highlighting recent advancements and ongoing challenges. The conclusion emphasizes that while significant hardware and software challenges remain, researchers are making progress towards practical solutions for implementing quantum software that offers advantages over classical systems in machine learning tasks.",348,44.95
"Paper 5 Summary:
Extracting structured text from PDF...
Structured text saved to structured_paper.txt
Generating summary...
--- Summary of the Research Paper ---","1. Detailed Breakdown: This abstract discusses a research work that focuses on improving the performance of neural machine translation (NMT) systems, particularly in handling long-distance dependencies and anaphora resolution (references to pronouns like 'its'). The authors achieve this by using multi-head self-attention mechanisms in NMT models.
2. Key References: The work builds upon several influential papers in the field of NMT, including those by Vaswani et al., Vinyals & Kaiser, Zhu et al., and Wu et al. These papers introduced important concepts such as multi-head self-attention and deep recurrent models for NMT.
3. Improvement upon Existing Literature: The authors propose a novel method of using multiple attention heads in the encoder-decoder architecture, allowing each head to attend to different aspects of the input sequence. This improves the model's ability to handle long-distance dependencies and anaphora resolution, leading to better translation quality compared to previous models that used a single attention head.
4. Methodology: The authors use multi-head self-attention mechanisms in their NMT model. They train this model on a large corpus of parallel sentences and evaluate its performance on various benchmark datasets.
5. Main Results and Conclusions: The experiments show that the proposed method significantly improves the performance of the NMT system, particularly in handling long-distance dependencies and anaphora resolution. The authors also provide visualizations of the attention weights to demonstrate how different heads learn to perform various tasks within the model.",232,34.13
"Paper 6 Summary:
Extracting structured text from PDF...
Structured text saved to structured_paper.txt
Generating summary...
--- Summary of the Research Paper ---","1. Detailed Breakdown in Simple Terms:
The authors discuss the BERT model, a popular language model that can understand and generate human-like text. They aim to improve this model by exploring different aspects such as the amount of pre-training steps needed for high fine-tuning accuracy, the convergence rate of the masked language model (MLM) during pre-training, and different masking strategies used in MLM.
2. Key References and Relation to This Work:
The work is closely related to the original BERT paper by Jacob Devlin et al., which introduced the BERT model. The authors also reference works that discuss various aspects of BERT, such as its performance on different tasks (Natural Language Inference, Question Answering, etc.), and the importance of pre-training and fine-tuning in language models.
(Devlin et al., 2018)
3. Improvement Upon Existing Literature:
The authors demonstrate that BERT requires a large amount of pre-training to achieve high fine-tuning accuracy, as evidenced by the performance difference between 500k and 1M steps. They also show that the MLM model converges slightly slower than the left-to-right (LTR) model but achieves better results in terms of absolute accuracy. Furthermore, they provide insights into different masking strategies used during pre-training and their impact on fine-tuning performance.
4. Methodology:
The authors use BERT as a starting point for their study. They investigate the effect of varying the number of pre-training steps, the convergence rate of MLM, and different masking strategies used in MLM during pre-training. They report the results on two tasks - MNLI (Multi-Genre Natural Language Inference) and NER (Named Entity Recognition).
5. Main Results and Conclusions:
The authors find that BERT requires a large amount of pre-training to achieve high fine-tuning accuracy, as shown by the performance difference between 500k and 1M steps. They also observe that MLM converges slightly slower than LTR but achieves better results in terms of absolute accuracy. For masking strategies, they find that using a combination of strategies is best for both fine-tuning and feature-based approaches. Overall, their findings provide insights into the design choices made during BERT pre-training and can be useful in improving future language models.",350,46.15
"Paper 7 Summary:
Extracting structured text from PDF...
Structured text saved to structured_paper.txt
Generating summary...
--- Summary of the Research Paper ---","1. Detailed Breakdown: Deep learning, a powerful tool in machine learning, is usually applied to data represented in Euclidean space (like images or sounds). However, there are many applications where the data is non-Euclidean and comes in the form of graphs with complex relationships between objects. This study presents a comprehensive review of Graph Neural Networks (GNNs), which are designed to tackle such graph data challenges in data mining and machine learning fields.
2. Key References: The survey references several studies that have contributed to the development of GNNs. Some key references include (1) W. Liu, R. Dong, T. C. M. Squarecochilia, Q. Li, and X. Su, ""Graph Convolutional Networks,"" IEEE Transactions on Neural Networks and Learning Systems 30, no. 2 (2018): 129-137. This paper introduces Graph Convolutional Networks (GCNs), a type of GNN widely used for node classification tasks in graph data. (2) Y. Kipf and M. Welling, ""Semi-Supervised Classification with Graph Convolutional Networks,"" Advances in Neural Information Processing Systems 30 (2017). This work presents another influential GCN model for semi-supervised learning.
3. Improvement upon Existing Literature: The study discusses how these GNN models improve upon existing methods for handling graph data by effectively capturing the complex relationships and dependencies within the graphs, making them more suitable for various machine learning tasks.
4. Methodology Used: This work surveys recent advancements in GNNs, reviewing various types of GNN architectures (such as Graph Convolutional Networks, Graph Attention Networks, and Recurrent Graph Neural Networks) and their applications to different domains like social networks, proteins, and traffic data.
5. Main Results and Conclusions: The study concludes by summarizing open-source implementations of GNN models for easy reproducibility, emphasizing the importance of further research in developing more effective and generalizable GNN architectures to tackle a wider range of challenges in machine learning with graph data.",300,43.3
"Paper 8 Summary:
Extracting structured text from PDF...
Structured text saved to structured_paper.txt
Generating summary...
--- Summary of the Research Paper ---","1. Detailed Breakdown of the Abstract (in Simple Terms): This paper discusses a problem in machine learning where the training data and future data may not be in the same feature space or follow the same distribution. Instead of starting from scratch, which could involve expensive data-labeling efforts, this paper focuses on transfer learning - a new way to solve this problem by using knowledge gained from one domain (where sufficient data is available) to improve learning in another domain of interest.
2. Key References and How They Relate to This Work: Several key references are discussed in the article to highlight the current progress on transfer learning for classification, regression, and clustering problems. For example, references [86] and [87] discuss Translated Learning and Collaborative Filtering methods used for transfer learning. Other references provide insights into different approaches and applications of transfer learning.
3. Improvement upon Existing Literature: This work is an effort to categorize and review the current progress on transfer learning, which can serve as a reference for researchers working in this field. By providing a comprehensive overview of various methods and their applications, it aims to facilitate further advancements in transfer learning.
4. Methodology Used: The authors of the paper provide a survey by collecting and analyzing relevant research articles related to transfer learning for classification, regression, and clustering problems. They discuss different approaches to transfer learning, such as feature mapping, domain adaptation, and multi-task learning. Furthermore, they discuss various applications of transfer learning in real-world scenarios, such as image recognition, natural language processing, and sparse data analysis.
5. Main Results and Conclusions: The paper presents an overview of the current state of transfer learning research, highlighting its potential benefits for various machine learning tasks. It concludes by emphasizing the need for further investigation into this field to improve the efficiency and accuracy of transfer learning algorithms, ultimately leading to more practical applications in real-world scenarios.",319,38.9
"Paper 9 Summary:
Extracting structured text from PDF...
Structured text saved to structured_paper.txt
Generating summary...
--- Summary of the Research Paper ---","1. Detailed Breakdown:
The abstract presents a theoretical study that explores the gravitational waves emitted by binary neutron stars (BNS) during their coalescence, specifically focusing on the effects of different equations of state (EoS) for nuclear matter. The authors compare the observed properties of merging BNS systems with various EoS models to validate or refute these models. They also investigate the implications of their findings for multimessenger astronomy and cosmology.
2. Key References:
- PRL 116, (Zevin et al.) - This is the primary reference that supports the work done by the authors in this study. It presents a detailed analysis of the GW170817 event (a BNS merger detected by LIGO and Virgo) using various EoS models.
- Other references, such as those from A. M. Ozel, E. Suwa, and S. Shibata, are related to specific EoS models used in the study and their implications for neutron stars.
3. Improvement upon Existing Literature:
The authors' work contributes by providing a more comprehensive analysis of multiple EoS models for BNS mergers. By comparing the observed properties from different EoS models, they aim to identify potential discrepancies and validate the most accurate model. This approach enhances our understanding of nuclear matter and its role in neutron stars.
4. Methodology:
The authors use numerical simulations to simulate BNS coalescences for various EoS models. They analyze the resulting gravitational waves' properties, such as their frequency, amplitude, and phase, to compare them with observed data from GW170817. The authors also perform Bayesian analysis to evaluate the likelihood of different EoS models given the observed data.
5. Main Results and Conclusions:
The results indicate that the nuclear EoS model Shen provides a good fit for the GW170817 event, although some discrepancies remain in the early stages of the merger. The authors also find that different EoS models lead to variations in the tidal deformability and mass-radius relationship of the neutron stars involved in the merger. These findings have implications for multimessenger astronomy and cosmology, as they help constrain the properties of nuclear matter and refine our understanding of gravitational wave signals emitted by BNS coalescences.",349,45.89
"Paper 10 Summary:
Extracting structured text from PDF...
Structured text saved to structured_paper.txt
Generating summary...
--- Summary of the Research Paper ---","1. Detailed Breakdown (Simplified):
This work discusses Faiss, a library for efficient similarity search and clustering of dense vectors, such as images or text embeddings. It presents several methods to compress these vectors, including scalar quantization, additive quantization, product quantization, and more complex ones like hierarchical nested sampling (HNSW). These compression techniques allow for faster and more efficient similarity searches. The library also provides support for inverted files indexes, graph-based indexes, and fast scan indexes.
2. Key References and Relation to this Work:
- Johnson, A., et al. (2019). Large-scale Kernel Functions for Similarity Search with Deep Neural Networks. International Conference on Machine Learning (ICML). This work builds upon the concept of using deep neural networks for similarity search and leverages their results to improve Faiss' efficiency.
- Jegelka, S., et al. (2017). A Fast Approximate Nearest Neighbors Data Structure Using Graphs with Low Doubling Dimension. Advances in Neural Information Processing Systems (NeurIPS). This work is related to the HNSW graph-based index used in Faiss.
3. Improvement upon Existing Literature:
Faiss improves upon existing literature by providing a unified framework for efficient similarity search and clustering of dense vectors, with various compression techniques that can be easily combined and adapted to specific needs. It also offers better performance and memory usage compared to other state-of-the-art libraries like Annoy, FAISS, or NMSLIB.
4. Methodology:
The authors tested Faiss on several benchmark datasets, such as CIFAR-10, ImageNet, Word2Vec, and GloVe. They evaluated its performance using metrics like recall@k, precision@k, and search time. Additionally, they compared it to other popular libraries to demonstrate its superiority.
5. Main Results and Conclusions:
The results showed that Faiss outperforms other similarity search libraries in terms of efficiency and accuracy. It also demonstrated scalability, being able to handle large datasets with ease. The authors concluded that Faiss is a valuable tool for various machine learning tasks that require fast and efficient similarity searches on dense vectors.",319,45.09
"Paper 11 Summary:
Extracting structured text from PDF...
Structured text saved to structured_paper.txt
Generating summary...
--- Summary of the Research Paper ---","1. Detailed Breakdown of the Abstract in Simple Terms:
This study discusses the creation of Retrieval Augmented Generation (RAG) systems, which use real-time information to improve large language models. The researchers provide practical steps for building RAG systems that work with PDF documents as data sources, showing examples and code snippets along the way. They also mention common challenges such as handling complex PDFs and extracting useful text, and offer solutions using tools like OpenAI's GPT and open-source models like Llama 3.1. The paper aims to help developers build effective RAG systems that retrieve relevant information and generate accurate responses, particularly in industries like healthcare, legal research, and technical documentation.
2. Key References and How They Relate to This Work:
- Haystack Project Documentation (Reference 4): Discusses the Haystack framework for neural search, which is one of the options mentioned as a tool for building RAG systems in this study.
- IEEE Transactions on Multi-media (Reference 2): Mentions a work on cross-lingual and multimodal retrieval-augmented generation models, emphasizing the versatility and applicability of RAG models to various global and multimedia tasks.
- ACM Transactions on Information Systems (Reference 3): Discusses dense vector search integration in Elasticsearch, a technique that can be useful for improving the performance of RAG systems when dealing with large datasets.
- IEEE Transactions on Knowledge and Data Engineering (Reference 8): Explores knowledge-enhanced language models for information retrieval and beyond, highlighting the potential benefits of integrating structured knowledge bases like knowledge graphs into RAG models to improve their factual accuracy and reasoning capabilities.
3. How This Work Improves Upon Existing Literature:
The work provides practical examples and code snippets for building RAG systems, making it easier for developers to implement these tools in their projects. It also discusses common challenges faced during the development process and offers potential solutions, which could help improve the efficiency and effectiveness of existing RAG systems. Moreover, the paper highlights the importance of RAG systems in industries like healthcare, legal research, and technical documentation, expanding their application beyond what has been explored in previous literature.
4. Concise Summary of Methodology Used:
The authors present a step-by-step guide for building RAG systems that work with PDF documents as data sources. They discuss various tools and techniques for handling complex PDFs, extracting useful text, and improving the performance of these systems using dense vector search and knowledge graphs. Throughout the paper, they provide code snippets and examples to help developers implement their own RAG systems effectively.
5. Main Results and Conclusions:
The authors conclude that Retrieval Augmented Generation (RAG) systems are valuable tools for improving large language models by grounding their outputs in real-time, relevant information. By following the recommendations provided in this guide, developers can build RAG systems that retrieve relevant information and generate accurate, fact-based responses. As technology advances in adaptive learning, multimodal capabilities, and retrieval methods, RAG systems will continue to play a key role in various industries, particularly healthcare, legal research, and technical documentation. This guide offers a solid foundation for optimizing RAG systems and extending the potential of generative AI in practical applications.",514,57.76
"Paper 12 Summary:
Extracting structured text from PDF...
Structured text saved to structured_paper.txt
Generating summary...
--- Summary of the Research Paper ---","1. Detailed Breakdown in Simple Terms:
This work focuses on the problem of finding similar items in large databases, especially in high-dimensional data sets (lots of features to consider). The authors propose a new method for efficient vector similarity search, using a technique called ScaNN (Scalable Nearest Neighbor Search). This method allows for faster and more accurate results compared to existing methods.
2. Key References and How They Relate:
- [35] ""Announcing ScaNN: Efficient Vector Similarity Search"" is a Google Research blog post that introduces the ScaNN algorithm, which is used as a basis for comparison in this work.
- [18, 19, 20] These references provide information on k-Nearest Neighbor Graph (k-NNG) and hierarchical navigable small world graphs (HNSW), which are related techniques used for proximity search in high-dimensional data sets.
- [34] ""High-dimensional signature compression for large-scale image classification"" discusses an approach to handling high-dimensional data, providing context for the challenges addressed by this work.
3. Improvement upon Existing Literature:
The authors argue that existing methods, such as ScaNN, have limitations in terms of efficiency and scalability when dealing with very large databases or high-dimensional data sets. This work presents a new method that overcomes these issues, allowing for faster and more accurate results.
4. Methodology Used:
The authors propose a new method called Fusion-ScaNN, which combines the advantages of ScaNN (fast nearest neighbor search) with those of HNSW (scalability in high-dimensional data sets). They also introduce an adaptive sampling strategy to balance the trade-off between precision and efficiency.
5. Main Results and Conclusions:
Through experiments, the authors demonstrate that their proposed method, Fusion-ScaNN, outperforms existing methods in terms of both efficiency (search time) and accuracy (quality of results). They also show that their adaptive sampling strategy significantly improves the performance of the algorithm when dealing with large databases. Overall, this work provides a promising solution for efficient vector similarity search in high-dimensional data sets.",316,43.08
"Paper 13 Summary:
Extracting structured text from PDF...
Structured text saved to structured_paper.txt
Generating summary...
--- Summary of the Research Paper ---","1. Detailed Breakdown: The abstract describes a research work focused on improving the accuracy and reliability of large language models (LLMs) by using Retrieval-Augmented Generation (RAG). RAG aims to enhance LLMs' responses by incorporating external knowledge sources, thus reducing the instances of hallucinations. However, evaluating these systems is challenging due to three main issues: limited data diversity, obscure problem location, and unstable retrieval evaluation. To address these challenges, the authors propose a comprehensive framework called Comprehensive Full-chain Evaluation (CoFE-RAG) to evaluate the entire RAG pipeline, including chunking, retrieval, reranking, and generation. They introduce multi-granularity keywords to assess the context of the retrieved information instead of relying on annotated golden chunks. Furthermore, they release a benchmark dataset designed for diverse data scenarios encompassing various document formats and query types.
2. Key References: The work is related to existing literature focused on Retrieval-Augmented Generation (RAG) systems and their evaluation. Some of the references include:
- Guu, W., Lewis, M., Ni, P., Kadlec, J., Ramesh, N., & Eisner, J. (2020). REALM: Retrieval-Augmented Language Model. arXiv preprint arXiv:2005.14165.
- Kurata, T., Yamada, H., Ishiguro, M., Kanda, T., & Takeda, T. (2019). Enhancing a Neural Machine Translation System with a Retrieval-Augmented Decoder. Proceedings of the 57th Annual Meeting of the Association for Computational Linguistics, Vol. 2: Long Papers.
- Liu, H., Zhang, Y., & Lapata, M. (2019). Retrieval Augmented Response Generation. arXiv preprint arXiv:1906.05841.
These references focus on various aspects of RAG systems and highlight the need for improved evaluation methods.
3. Improvement upon Existing Literature: The authors aim to improve upon existing literature by proposing a comprehensive framework that evaluates the entire RAG pipeline, addressing limitations in data diversity, problem location, and retrieval evaluation. By introducing multi-granularity keywords and a tailored benchmark dataset, they offer a more holistic approach to evaluating RAG systems.
4. Methodology: The authors introduce CoFE-RAG, which comprises several stages: (1) chunking, where the system breaks down the question into smaller parts to find relevant information; (2) retrieval, where the system searches for context from external knowledge sources based on the generated chunks; (3) reranking, where the system sorts the retrieved pieces of information according to their relevance and importance; (4) generation, where the LLM generates an answer using the selected pieces of information. To effectively evaluate the first three stages, they use multi-granularity keywords, including coarse-grained and fine-grained keywords, to assess the retrieved context.
5. Main Results and Conclusions: The authors conduct experiments to demonstrate the utility of their proposed CoFE-RAG framework by evaluating each stage of RAG systems. Their results indicate that the proposed methodology effectively addresses the challenges of limited data diversity, obscure problem location, and unstable retrieval evaluation. They conclude that a comprehensive approach like CoFE-RAG is essential for advancing the field of Retrieval-Augmented Generation (RAG) and improving the performance of LLMs in generating accurate and reliable answers.",471,63.1
"Paper 14 Summary:
Extracting structured text from PDF...
Structured text saved to structured_paper.txt
Generating summary...
--- Summary of the Research Paper ---","1. Detailed Breakdown: Large Language Models (LLMs) are powerful tools but often face issues like making up information, using outdated facts, and having non-transparent thought processes. A solution to these problems is Retrieval-Augmented Generation (RAG), which combines the knowledge from external databases with LLMs. This improves the accuracy and credibility of the generated responses, especially for tasks that require a lot of information. RAG combines the internal knowledge of LLMs with the vast, ever-changing repositories of external databases. This review paper explores the evolution of RAG approaches, including Naive RAG, Advanced RAG, and Modular RAG, examining their underlying techniques for retrieval, generation, and augmentation.
2. Key References and Relation to Work: The work draws inspiration from several key references that have contributed to the development of RAG. ""Khan et al., 2020"" (citation 174) discusses the challenges faced by LLMs and proposes RAG as a potential solution. ""Chang et al., 2021"" (citation 6) delves into the Naive RAG approach, while ""Lewis et al., 2020"" (citation 7) explores Advanced RAG techniques. The Modular RAG is covered in ""Kaplan and Rohrbach, 2021"" (citation 8).
3. Improvement upon Existing Literature: This work goes beyond previous literature by providing a comprehensive review of the progression of RAG paradigms, including the tripartite foundation of RAG frameworks. It presents a more in-depth analysis and unified understanding of various aspects of RAG, filling gaps left by prior reviews that focused on specific components or approaches.
4. Methodology: The methodology employed in this work involves conducting an extensive literature review to gather information about the evolution of RAG paradigms. The study is structured around examining the underlying techniques for retrieval, generation, and augmentation in each RAG approach (Naive RAG, Advanced RAG, and Modular RAG).
5. Main Results and Conclusions: This review highlights that RAG has made significant strides in improving LLMs' accuracy, credibility, and ability to handle knowledge-intensive tasks. The findings underscore the importance of integrating external databases with LLMs for continuous updates and domain-specific information. However, challenges remain, such as ensuring the quality and relevance of retrieved data and efficiently combining multiple sources of information in the augmentation process. Future research directions are suggested to address these issues and further advance the field of RAG.",367,48.97
"Paper 15 Summary:
Extracting structured text from PDF...
Structured text saved to structured_paper.txt
Generating summary...
--- Summary of the Research Paper ---","1. Detailed Breakdown of the Abstract:
- The authors present a new method for predicting protein structures called AlphaFold, developed by DeepMind. They show that their method performs remarkably well in the Critical Assessment of Structure Prediction (CASP) competition, outperforming other methods.
- To demonstrate its practical application, they use AlphaFold to predict the structure of a protein involved in Parkinson's disease and find that it accurately predicts key structural features.
2. Key References and their Relation to this Work:
- The authors cite previous works on protein structure prediction, including methods such as ROSETTA, I-TASSER, and HHPred. They note that these methods have limitations and seek to improve upon them.
- They also reference the CASP competition, which is an annual event where researchers predict the structure of unknown proteins based on their amino acid sequences. This provides a standard for comparison between different prediction methods.
3. Improvement Upon Existing Literature:
- The authors argue that their method significantly improves upon existing protein structure prediction methods by accurately predicting structures with high confidence, even for difficult-to-predict proteins. They achieve this by using deep neural networks to learn the relationships between amino acid sequences and three-dimensional protein structures.
4. Concise Summary of Methodology Used:
- The authors use a deep neural network architecture called AlphaNet to predict protein structures. AlphaNet takes as input a sequence of amino acids and outputs a 3D structure prediction. To train the model, they used data from the Protein Data Bank (PDB) for proteins with known structures.
- They also use a distillation strategy where the model learns to predict structures by imitating other models that have been trained on similar data. This helps the model generalize better and make more accurate predictions.
5. Main Results and Conclusions:
- The authors show that their method performs remarkably well in the CASP competition, outperforming other methods. They also predict the structure of a protein involved in Parkinson's disease and find that it accurately predicts key structural features. These results suggest that AlphaFold is a powerful tool for predicting protein structures and has practical applications in drug discovery and understanding protein function.",355,43.96
