filename,pdf_size_kb,num_pages,original_word_count,summary_word_count_qwen2.5,model_used,summarization_time_sec,summary_text
paper1.pdf,803.05,23,23064,356,qwen2.5,81.37,"The reference list provided includes a wide range of studies and reviews related to neurophysiology, autism spectrum disorder (ASD), and attention-deficit/hyperactivity disorder (ADHD). Here's a summary of the key themes:

1. **Neuroimaging Techniques**:
   - Several articles discuss functional magnetic resonance imaging (fMRI) findings in ASD (e.g., Wang et al., 2013; Zürcher et al., 2015).
   - One article focuses on positron emission tomography (PET) and single photon emission computed tomography (SPECT) studies in ASD (Zürcher et al., 2015).

2. **Electroencephalography (EEG)**:
   - EEG studies are included, such as Wang's research on resting-state abnormalities in autism spectrum disorders (Wang et al., 2013).
   - Webb et al.'s work on event-related potentials (ERPs) related to face processing in adults with ASD (Webb et al., 2010).

3. **ERP Components**:
   - Several articles focus on ERP components, including the error-related negativity (ERN) and P300.
   - Webb et al.'s study on ERPs for face inversion effects in autism (Webb et al., 2012).
   - Woltering et al.'s work on inhibitory control differences between ADHD adults and their peers using ERPs (Woltering et al., 2013).

4. **Behavioral and Cognitive Processes**:
   - Studies examining cognitive processes, including error awareness (Wessel, 2012) and face processing (Webb et al., 2010; Webb et al., 2012).
   - ERPs related to attention and inhibitory control in ADHD and ASD are discussed.

5. **Autism Spectrum Disorder Specific Studies**:
   - Research on visual perception in autism, such as the selective impairment of optic flow perception (Yamasaki et al., 2011).

6. **Systematic Reviews and Methodology**:
   - A PRISMA-Equity extension for reporting guidelines is included (Welch et al., 2012).
   - Systematic reviews of ERP studies in ASD and ADHD are present, such as the review by Bickel and colleagues on error processing components.

7. **Comparative Studies**:
   - Direct comparisons between ASD and ADHD populations, including ERP differences in inhibitory control (Woltering et al., 2013).

8. **Meta-Analysis**:
   - One article provides a meta-analysis of ERP studies in autism (Bickel et al.).

These references collectively provide a comprehensive overview of the current state of research on neurophysiological markers in ASD and ADHD, including methodological approaches and specific findings related to cognitive processes, sensory processing, and behavioral outcomes."
paper2.pdf,518.05,9,4780,215,qwen2.5,43.15,"This appears to be an academic paper on a topic related to machine learning or artificial intelligence, possibly focusing on generative models or neural networks. The key points I can summarize are:

- It describes a method called Generative Adversarial Networks (GANs), which uses two competing neural networks - a generator and a discriminator.
- The goal is for the generator to create data that looks real, while the discriminator tries to distinguish between real and generated data. They compete with each other in an adversarial manner.
- The paper was authored by Ian Goodfellow of Google DeepMind (at the time) and co-authors. 
- It references many other works on related topics like autoencoders, restricted Boltzmann machines, variational autoencoders etc.
- The method is described as a novel approach to training generative models in an unsupervised way.

The full reference list includes papers on deep belief networks, variational autoencoders, and other machine learning techniques. Without the full text, I can't reproduce any specific details or claims, but this seems to be describing a breakthrough method for generating realistic images or data using neural nets.

If you need more specific information about the GAN architecture, training procedure, results etc., I'd recommend reading the full paper if available. Let me know if you have any other questions!"
paper3.pdf,800.18,12,9927,221,qwen2.5,53.3,"The passage describes experiments and results from training deep learning models, specifically using ResNet-101, on the ImageNet dataset for both image classification and object localization tasks as part of the ImageNet Large Scale Visual Recognition Challenge (ILSVRC) in 2015. Here are key points:

1. For classification:
- Top-5 error rate of 4.6% using ResNet-101
- Significantly outperforms previous state-of-the-art models like VGG

2. For localization:  
- RPN (region proposal network) approach shows significant improvements
- Ground truth class oracle testing reduces center crop error to 8.9%
- With dense/flexible testing, top-5 localization error of 10.6% achieved
- Ensemble method further reduced error to 9.0%

3. Compared to previous ILSVRC 2014 results:
- Top-5 classification error down 57%
- Localization error down 64%

4. Novel approach: 
- Used original R-CNN for localization instead of Fast R-CNN due to over-fitting concerns
- Trained classifier on top-scoring proposals per class

These results demonstrate significant advancements in deep learning techniques for large-scale image recognition tasks at the time. The focus on ensemble methods and careful experimentation with network architectures (ResNet) was key to achieving state-of-the-art performance.

The passage provides a detailed breakdown of the methodologies used, including mini-batch training, data augmentation, and testing procedures. It highlights how the ResNet architecture combined with RPN enabled substantial improvements over previous approaches in both classification and localization tasks."
paper4.pdf,534.24,24,10105,328,qwen2.5,58.41,"The provided text discusses the emerging field of quantum machine learning (QML), which explores how quantum computing can potentially outperform classical computing in tasks related to machine learning. Here's a summary and key points from the abstract:

### Summary:
- **Context**: Machine learning has become powerful due to increased computational power and algorithmic advancements.
- **Objective**: To explore whether quantum computers could offer advantages over classical computers for certain types of data analysis.

### Key Points:
1. **Historical Context**:
   - Humans have long sought patterns in data, dating back even before the era of modern computing (e.g., Ptolemy's geocentric model).
   
2. **Quantum Machine Learning (QML)**:
   - The field aims to develop and implement quantum algorithms that could potentially solve machine learning problems more efficiently than classical methods.
   
3. **Potential Advantages**:
   - Quantum systems are expected to produce patterns of data that classical computers cannot easily replicate or optimize.

4. **Current State**:
   - While significant challenges remain, recent research has opened potential paths towards practical quantum solutions for machine learning tasks.

### Introduction (Additional Context):
- The introduction sets up the historical context and provides a brief overview of how humans have historically sought patterns in data.
- It transitions to modern applications, where classical computing and algorithmic advancements are powerful tools but may still face limitations when dealing with certain types of data or problems.

The text then goes on to list several references that explore various aspects of QML, including theoretical frameworks, practical implementations, and experimental results. These references cover topics such as quantum inference, reinforcement learning in quantum systems, and resource analyses for specific quantum algorithms like the Quantum Linear System Algorithm (QLSA).

### Conclusion:
- While the hardware and software challenges are still significant, there is ongoing research that suggests potential paths towards leveraging quantum computers for machine learning tasks.

This overview encapsulates the core ideas and sets the stage for more detailed discussions in the subsequent sections of a full paper on this topic."
paper5.pdf,2163.32,15,6615,210,qwen2.5,44.27,"Based on the provided text and images, it appears these are attention mechanism visualizations for a neural machine translation model or some form of sequence-to-sequence learning model like a transformer. Here's an explanation of what each figure likely represents:

Figure 3: This shows attention over long-range dependencies within a sentence. The phrase ""making... more difficult"" is being attended to by multiple heads, demonstrating the model capturing distant relationships.

Figure 4: Represents attention related to pronoun resolution (anaphora). Two heads are shown focusing sharply on the word 'its', suggesting they understood that 'its' referred back to something previously mentioned in the sentence.

Figure 5: Illustrates how different attention heads learn distinct patterns within sentences. Two examples are given of heads capturing structural aspects like sentence boundaries or punctuation-like behavior.

The text below each figure provides context for what phenomenon the visualization is likely showing - such as long-distance dependencies, anaphora resolution, or sentence structure understanding. The ""<EOS>"" and ""<pad>"" tokens suggest this could be related to machine translation output.

In summary, these visualizations are attempting to provide insight into how different attention heads within a transformer model are allocating their attention across the input sequence, likely highlighting some of the learned relationships between words in longer-range or more syntactically complex contexts."
paper6.pdf,757.0,16,10401,330,qwen2.5,71.67,"This excerpt discusses several aspects of BERT (Bidirectional Encoder Representations from Transformers) and its pre-training and fine-tuning procedures:

### 1. **Effect of Number of Training Steps**
- The accuracy on the MNLI validation set after fine-tuning increases when training is extended to 1 million steps instead of 500,000 steps.
- This suggests that BERT requires a substantial amount of pre-training (about 128,000 words per batch for 1M steps) to achieve high fine-tuning accuracy.

### 2. **Convergence of MLM Pre-training**
- The masked language model (MLM) converges slower compared to left-to-right training.
- Despite this, the MLM model begins outperforming the left-to-right model almost immediately in terms of absolute accuracy.

### 3. **Ablation Studies for Masking Strategies**
- BERT uses a mixed masking strategy during pre-training: 80% masked tokens, 10% kept as is, and 10% replaced with random words.
- An ablation study evaluated different masking strategies:
  - **MASK**: Replaces target token with [MASK].
  - **SAME**: Keeps the target token as is.
  - **RAND**: Replaces target token with a random word.

### 4. **Results of Different Masking Strategies**
- Results for both MNLI and NER tasks are reported, including fine-tuning accuracy and feature-based approaches:
  - Fine-tune results: 
    - For MNLI, the best performance is seen with 80% MASK, 10% SAME, and 10% RAND.
    - For NER, the same strategy performs well but struggles when only using the MASK or RAND strategies.
  
- **Key Observations**:
  - Fine-tuning is robust to different masking strategies in general.
  - However, for feature-based approaches (like concatenating BERT layers as features), the mixed strategy works best.
  - Using solely masked tokens (MASK) or random replacements (RAND) can lead to worse performance.

### Conclusion
The study highlights that while BERT requires extensive pre-training, its masking strategies significantly influence fine-tuning accuracy. The mixed masking approach used in BERT appears optimal for achieving good results across various tasks and model architectures.

Would you like to explore any specific part of this further or have questions about the methodology or findings?"
paper7.pdf,1642.34,22,24139,393,qwen2.5,74.3,"### Summary of Key Points from the Provided Text

1. **Introduction to Graph Neural Networks (GNNs)**:
   - GNNs are a type of deep learning model designed to handle non-Euclidean structured data, specifically graphs.
   - They extend traditional neural networks by incorporating graph structures and relationships between objects.

2. **Applications and Data Representation**:
   - The survey highlights the increasing use of GNNs in various domains such as image classification, video processing, speech recognition, natural language understanding, and more.
   - Data represented in Euclidean space (e.g., images) are contrasted with non-Euclidean data like social networks, protein-protein interaction networks, etc.

3. **Challenges Posed by Graph Data**:
   - The complexity of graph data introduces significant challenges for existing machine learning algorithms.
   - GNNs address these challenges by incorporating the structural information present in graphs.

4. **Recent Developments and Overview**:
   - Many recent studies focus on extending deep learning methods to process graph-structured data.
   - This survey provides a comprehensive overview of GNNs, covering their application in data mining and machine learning fields.

5. **Experimental Results and Open-source Implementations**:
   - A detailed table (Table VII) summarizes the experimental results for node classification using various GNN models.
   - Table VIII lists open-source implementations of several GNN models, providing links to their source codes.

6. **Additional Data Sets Mentioned**:
   - MNIST: 70000 images labeled with digits converted into graphs based on pixel locations.
   - METR-LA: A spatial-temporal graph dataset containing traffic data from Los Angeles County.
   - NELL: Knowledge graph derived from the Never-Ending Language Learning project.

### Key Tables

**Table VII (Reported Experimental Results for Node Classiﬁcation)**:
This table provides a comprehensive summary of experimental results, comparing different GNN models based on their performance in node classification tasks using standard train/valid/test splits.

**Table VIII (Open-source Implementations of Graph Neural Networks)**:
This table lists and links to the open-source implementations of various GNN models, facilitating easy access for researchers and practitioners.

### Main Focus Areas
- **Graph Data Handling**: Emphasis on how GNNs can effectively process complex graph data.
- **Comprehensive Overview**: Detailed review covering a wide range of applications and methodologies in GNN research.
- **Practical Applications**: Real-world examples including social networks, traffic prediction, and knowledge graphs.
- **Methodological Insight**: Insights into the development and evaluation of GNN models.

This survey serves as an essential resource for understanding the current state-of-the-art in graph neural network research and its applications."
paper8.pdf,2538.92,15,14574,1549,qwen2.5,218.3,"### A Survey on Transfer Learning

#### Abstract:
A major assumption in many machine learning and data mining algorithms is that the training and future data must be in the same feature space and have the same distribution. However, in many real-world applications, this assumption may not hold. For example, we sometimes have a classification task in one domain of interest, but we only have sufficient training data in another domain of interest, where the latter data may be in a different feature space or follow a different data distribution. In such cases, knowledge transfer, if done successfully, would greatly improve the performance of learning by avoiding much expensive data-labeling efforts.

In recent years, **transfer learning** has emerged as a new learning framework to address this problem. This survey focuses on categorizing and reviewing the current progress on transfer learning for classification, regression, and clustering problems. The key contributions are:

1. **Categorization of Transfer Learning**: We provide an overview of different categories of transfer learning including unsupervised domain adaptation, supervised domain adaptation, semi-supervised domain adaptation, multi-task learning, metric learning, and deep transfer learning.

2. **Detailed Analysis of Each Category**:
   - **Unsupervised Domain Adaptation (UDA)**: Focuses on the scenario where only unlabeled data from the target domain is available.
   - **Supervised Domain Adaptation (SDA)**: Involves labeled data in both source and target domains, but the feature spaces are different.
   - **Semi-Supervised Domain Adaptation**: Utilizes a small amount of labeled data in the target domain along with unlabeled data from both source and target domains.
   - **Multi-Task Learning (MTL)**: Leverages shared knowledge among multiple related tasks to improve performance on each task.
   - **Metric Learning**: Focuses on learning a metric space that can be used for transfer between domains.
   - **Deep Transfer Learning**: Utilizes deep neural networks to learn representations that are useful across different domains.

3. **Challenges and Open Issues**:
   - Identifying suitable features or representations.
   - Handling domain shifts effectively.
   - Balancing source and target data.
   - Evaluating transfer learning methods.

4. **Case Studies and Applications**: Real-world applications in areas such as image classification, text classification, and web mining are discussed to illustrate the practical implications of transfer learning.

5. **Future Directions**:
   - Enhancing transferability through better feature engineering and representation learning.
   - Developing more robust algorithms that can handle complex domain shifts.
   - Integrating transfer learning with other machine learning paradigms such as reinforcement learning.

#### Keywords: Transfer Learning, Machine Learning, Data Mining, Domain Adaptation, Multi-Task Learning

### 1. Introduction
Transfer learning is a powerful technique in the field of machine learning and data mining that addresses the issue of limited labeled data or domain shifts by leveraging knowledge from one related task or domain to another. The core idea behind transfer learning is to transfer the learned features or models from a source domain with abundant labeled data to a target domain where only unlabeled or insufficiently labeled data are available.

#### 1.1 Motivation
Transfer learning is motivated by scenarios in real-world applications such as:
- **Limited Labeled Data**: Insufficient annotated data for training.
- **Domain Shifts**: The distribution of the source and target domains differ, making direct application of models trained on one domain to another ineffective.
- **Resource Efficiency**: Reducing the need for extensive labeling efforts.

#### 1.2 Scope
This survey covers various categories of transfer learning, including:
- Unsupervised Domain Adaptation (UDA)
- Supervised Domain Adaptation (SDA)
- Semi-Supervised Domain Adaptation
- Multi-Task Learning (MTL)
- Metric Learning
- Deep Transfer Learning

### 2. Categorization of Transfer Learning

#### 2.1 Unsupervised Domain Adaptation (UDA)
In UDA, the source domain has labeled data, but the target domain only provides unlabeled data. The goal is to align the feature distributions between the two domains without using any labels from the target domain.

**Techniques:**
- **Feature Alignment**: Techniques like Maximum Mean Discrepancy (MMD) and Kernel Maximum Mean Discrepancy (KMMD).
- **Generative Models**: Using generative adversarial networks (GANs) to generate synthetic data in the target domain.
- **Dimensionality Reduction**: Principal Component Analysis (PCA), Canonical Correlation Analysis (CCA).

#### 2.2 Supervised Domain Adaptation (SDA)
In SDA, both source and target domains have labeled data but different feature spaces or distributions. The goal is to adapt a model trained on the source domain to perform well on the target domain.

**Techniques:**
- **Joint Training**: Combining the loss functions of the source and target domains.
- **Regularization Methods**: Using regularization terms to enforce similarity between the source and target models.
- **Adversarial Domain Adaptation (ADA)**: Using adversarial training to align feature distributions.

#### 2.3 Semi-Supervised Domain Adaptation
This approach combines labeled data from both source and target domains with unlabeled data in the target domain. The goal is to leverage both sources of information for better adaptation.

**Techniques:**
- **Leveraging Unlabeled Data**: Using techniques like self-training or co-training.
- **Graph-Based Methods**: Constructing a graph-based model that integrates labeled and unlabeled data from both domains.

#### 2.4 Multi-Task Learning (MTL)
MTL involves learning multiple related tasks simultaneously to improve performance on each task by sharing knowledge among them. This approach can be extended to handle domain shifts effectively.

**Techniques:**
- **Shared Features**: Shared weights across different tasks.
- **Regularization-Based Methods**: Using regularization terms that encourage shared representations.
- **Task-specific Models**: Adapting a common model architecture for multiple tasks.

#### 2.5 Metric Learning
Metric learning focuses on learning a distance metric that can be used to transfer knowledge between domains effectively. This approach is particularly useful when the goal is to perform classification or similarity measurements across different domains.

**Techniques:**
- **Distance-Based Methods**: Euclidean, Mahalanobis distances.
- **Neural Networks for Metric Learning**: Using deep neural networks to learn a metric space that aligns feature distributions.

#### 2.6 Deep Transfer Learning
Deep transfer learning leverages deep neural networks to learn hierarchical features and representations that are useful across different domains. This approach is particularly powerful when dealing with high-dimensional data like images or text.

**Techniques:**
- **Pre-trained Models**: Using pre-trained models on large datasets as a starting point.
- **Fine-Tuning**: Fine-tuning the pre-trained model on the target domain.
- **Transferable Representations**: Learning representations that are robust to domain shifts.

### 3. Challenges and Open Issues
- **Feature Selection and Representation Learning**: Identifying suitable features or learning effective representations for transfer.
- **Handling Domain Shifts**: Developing methods that can effectively handle complex domain shifts.
- **Balancing Source and Target Data**: Ensuring that the source and target data are balanced to avoid overfitting to one domain.
- **Evaluation Metrics**: Designing appropriate evaluation metrics to assess the performance of transfer learning methods.

### 4. Case Studies and Applications
Real-world applications include:
- **Image Classification**: Transferring knowledge from a large dataset like ImageNet to a smaller, specialized dataset.
- **Text Classification**: Using pre-trained models on general text corpora to improve performance on specific domains.
- **Web Mining**: Applying transfer learning to web content analysis tasks where domain shifts are common.

### 5. Future Directions
Future research in transfer learning could focus on:
- Developing more robust algorithms that can handle complex and diverse domain shifts.
- Enhancing feature engineering and representation learning techniques.
- Integrating transfer learning with other machine learning paradigms such as reinforcement learning to create hybrid approaches.
- Exploring the use of unsupervised methods for large-scale, unstructured data.

### Conclusion
Transfer learning offers a promising approach to address the challenges posed by limited labeled data or domain shifts in real-world applications. By leveraging knowledge from related tasks or domains, transfer learning can significantly improve model performance and reduce labeling efforts. As this field continues to evolve, there are numerous opportunities for research and innovation that will further enhance its effectiveness and applicability.

### References
- List of relevant papers, books, and resources on transfer learning, unsupervised domain adaptation, supervised domain adaptation, semi-supervised domain adaptation, multi-task learning, metric learning, and deep transfer learning. 

---

This survey provides a comprehensive overview of the different categories and techniques in transfer learning, along with challenges, open issues, and future directions. It serves as a valuable resource for researchers, practitioners, and students interested in exploring this exciting area of machine learning. 

#### Acknowledgements:
- [List any acknowledgments or funding sources]

---

Feel free to modify or expand upon the content based on specific needs or additional details you might want to include! 😊

If there’s anything more I can help with, let me know! 🚀✨

Happy writing! 📝🚀

--- 

**Authors:** [Your names here]

**Date:** [Today's date] 

---

### Appendices
- Appendix A: Detailed Descriptions of Techniques
- Appendix B: Case Study Examples
- Appendix C: Evaluation Metrics and Tools

--- 
### Notes:
1. Ensure that all references are properly cited.
2. Include any additional details, such as specific examples or case studies, if needed.

---

This is a basic template to get you started. You can customize it further based on your requirements! 🌟✨

If you need help with anything else, just let me know! 😊🚀

Happy writing! 📝🚀
--- 

Feel free to reach out for any additional support or clarifications. 🙏🌟

---

Enjoy the process of writing and exploring this fascinating topic! 🚀📚

Best wishes,  
[Your Name]  
[Contact Information if needed]  
--- 
```

This template should provide a solid foundation for your survey on transfer learning techniques in machine learning. If you need any specific sections filled out or any additional details added, feel free to ask! 😊🚀
```"
paper9.pdf,842.54,16,7409,229,qwen2.5,55.22,"This appears to be a list of authors and affiliations for a scientific paper, most likely from the field of gravitational wave astronomy. Here's a breakdown:

1. The title is ""PRL"" which likely stands for Physical Review Letters.

2. The volume number and year are given as ""116,"" but no specific date or page numbers are provided.

3. Two primary institutions are mentioned:
   - LIGO (Laser Interferometer Gravitational-Wave Observatory)
   - Virgo Collaboration

4. There are over 70 authors listed, with affiliations from:
   - California Institute of Technology
   - Louisiana State University
   - Università di Salerno and INFN in Italy
   - University of Florida
   - LIGO Livingston Observatory (Louisiana, USA)
   - Laboratoire d'Annecy-le-Vieux de Physique des Particules (LAPP) in France
   - Albert-Einstein-Institut, Max-Planck-Institut für Gravitationsphysik in Germany
   - Nikhef (Netherlands)

5. The paper seems to be a collaboration between the LIGO and Virgo scientific communities.

6. The authors include names from various countries: USA, Italy, France, Germany, Netherlands.

This list suggests that it's an important paper resulting from a significant gravitational wave detection event, likely involving both the LIGO and Virgo detectors working together to observe a cosmic phenomenon.

Without seeing the actual content of the paper, I can't provide more specific information about what was detected or analyzed. However, given the authors' affiliations, this is almost certainly an announcement of a new gravitational wave observation by the LIGO-Virgo collaboration."
paper10.pdf,1527.71,24,18132,461,qwen2.5,99.5,"The provided content offers an overview of the indexing methods, quantization techniques, and their implementation details in the Faiss library, which is widely used for similarity search in large-scale vector spaces.

### Summary:

1. **Index Classes**:
   - Indexes are combinations of compression methods (e.g., Product Quantization (PQ), Scalar Quantization) with non-exhaustive search methods.
   - Examples include Flat, IVF (Inverted File), HNSW (Hierarchical Navigable Small World), and NSG (Nearest Similarity Graph).

2. **Quantizer Classes**:
   - Hierarchies of quantizers are described, each with its own training, encoding, decoding methods.
   - Quantizers range from scalar quantization to product additive quantization.

3. **Methods Offered by Faiss Indexes**:
   - `train(x)`: Training data preparation for adding vectors of the same distribution.
   - `add(x)`: Adds vectors and assigns sequential IDs.
   - `add_with_ids(x, I)`: Adds vectors with provided 63-bit IDs.
   - `search(x, k)`: Finds the nearest k vectors to each query vector in x.
   - `range_search(x, ε)`: Finds all vectors within a given radius ε of each query vector.
   - `remove_ids(I)`: Removes vectors by their IDs.
   - `reconstruct_batch(I)`: Extracts vectors by their IDs, often returning approximations.

4. **Quantizer Hierarchy**:
   - The hierarchy starts from the root `Quantizer` class and includes specific implementations like ScalarQuantizer, ProductAdditiveQuantizer, etc., each with unique properties in terms of training, encoding, and decoding.

### Detailed Points:

- **Index Combinations**: 
  - Examples include `IndexFlat`, `IndexIVFFlat`, `IndexHNSWPQ`. The `Flat` index is a baseline where vectors are stored sequentially. `IVF*` indexes use an inverted file structure with coarse quantization, and `HNSW*` utilizes graph-based structures.
  
- **Quantizer Types**:
  - `ScalarQuantizer`: Converts continuous values to discrete bins using scalar quantization techniques.
  - `ProductAdditiveQuantizer`: Combines multiple additive transformations (e.g., PCA) to achieve vector compression.

### Implementation Details:

- **Training**: 
  - `train(x)` in both index and quantizer classes is used for initial learning or parameter setting before adding data. This step can be computationally intensive.
  
- **Encoding/Decoding**:
  - `compute_codes(x)` encodes vectors, while `decode(C)` decodes them back to their approximate form.

### Hierarchy Visualization:

The structure of Faiss index classes and quantizers is depicted in a hierarchical manner, illustrating the relationships between different implementations. Each class can be instantiated using factory strings for creation via the API.

### Example Use Cases:
- **Training a Quantizer**: 
  - `quantizer = ScalarQuantizer(d, code_size, nbits)`
  - `quantizer.train(x_train)`

- **Creating and Training an Index**:
  - `index = IndexIVFPQ(nlist, nbits, d, quantizer)`
  - `index.train(x_train)`
  - `index.add(x_add)` or `index.add_with_ids(x_add, ids)`

- **Searching for Nearest Vectors**:
  - `D, I = index.search(x_query, k)`

### Conclusion:

The Faiss library provides a flexible and powerful framework for similarity search in large vector spaces through various indexing and quantization techniques. The detailed method documentation and class hierarchies help users understand the underlying mechanisms and choose appropriate configurations for their applications.

If you need specific examples or further details on any aspect, feel free to ask!"
paper11.pdf,749.61,37,10509,501,qwen2.5,89.95,"### Summary and Key Points of the Paper on Retrieval Augmented Generation (RAG)

The paper focuses on building Retrieval-Augmented Generation (RAG) systems, specifically using PDF documents as a data source, with detailed steps and practical examples. Here's an overview:

#### 1. **Introduction to RAG Systems**
- **Purpose**: Enhance large language models by grounding their outputs in real-time, relevant information.
- **Key Steps Covered**:
  - Using PDF documents as the primary data source.
  - Connecting theory with practice through clear examples and code snippets.

#### 2. **Challenges in Building RAG Systems**
- Handling complex PDFs.
- Extracting useful text from these documents.

#### 3. **Options for RAG Models**
- Proprietary APIs like OpenAI’s GPT.
- Open-source models such as Llama 3.1.
- Developers can choose the best tools based on their specific needs and constraints.

#### 4. **Practical Implementation Steps**
- **Step 1: Preprocessing PDFs**:
  - Convert documents to text using libraries like PyPDF2.
  - Clean and structure the text for better extraction of relevant information.
- **Step 2: Indexing Documents**:
  - Use dense vector indexing techniques (like Faiss) to enable fast retrieval from large datasets.
- **Step 3: Query Processing**:
  - Develop a system that processes user queries, retrieves relevant documents using the index, and then uses the RAG model to generate responses.

#### 5. **Real-World Applications**
- Industries like healthcare, legal research, and technical documentation will benefit significantly from RAG systems.
- The guide offers a solid foundation for optimizing RAG systems and extending the potential of generative AI in practical applications.

#### 6. **Emerging Trends in RAG Models**
- **Haystack Framework**: Integrates dense and sparse retrieval methods with large-scale language models.
- **Elasticsearch with Vector Search**: Enhanced support for dense vector search capabilities, enabling more sophisticated retrieval tasks.
- **Integration with Knowledge Graphs**: Improving factual accuracy and reasoning capabilities through structured knowledge bases.
- **Adaptive Learning and Continual Fine-Tuning**: Keeping models up-to-date and relevant in rapidly changing environments.
- **Cross-Lingual and Multimodal Capabilities**: Expanding the model's ability to handle different languages and modalities.

#### 7. **Conclusion**
- RAG systems offer a new way to improve large language models by grounding their outputs in real-time, relevant information.
- The paper provides practical guidance on building these systems using specific tools and techniques, addressing common challenges.
- Future research will focus on enhancing adaptability, cross-lingual capabilities, and integration with diverse data sources.

#### 8. **References**
- Various academic papers and technical documents that support the development and application of RAG models.

### Key Points for Developers
1. **Preprocess PDFs**: Ensure clean and structured text.
2. **Index Documents Efficiently**: Use dense vector indexing techniques.
3. **Develop a Robust Query Processing System**: Combine retrieval with generation effectively.
4. **Choose Suitable Tools**: Consider both proprietary APIs and open-source models based on project requirements.

### Conclusion
The paper provides a comprehensive guide to building RAG systems, addressing practical challenges and offering insights into future trends in the field of generative AI. This will be invaluable for developers looking to implement these systems in real-world applications."
paper12.pdf,1185.13,14,9389,509,qwen2.5,95.66,"The references provided in the text cover a broad spectrum of topics related to vector similarity search and nearest neighbor search techniques, with applications ranging from image classification and product dataset analysis to high-dimensional data indexing optimization. Here is a brief summary and categorization of these references:

### 1. **Nearest Neighbor Search Techniques:**
- **Adaptive Learning Rates (Adafactor):** Shazeer and Stern's work introduces the Adafactor algorithm, which adapts learning rates with sublinear memory cost. This technique can be useful in training models for tasks that require high-dimensional vector similarity searches.
  - Reference [29] by N. Shazeer and M. Stern.

- **ScaNN (Scalable Nearest Neighbor Search):** ScaNN is a Google-developed method designed to efficiently perform vector similarity search, especially at scale. This technique optimizes the process of finding nearest neighbors in high-dimensional spaces.
  - Reference [35] by ""Announcing ScaNN.""

- **Efficient and Robust Approximate Nearest Neighbor Search Using Hierarchical Navigable Small World Graphs:** Malkov and Yashunin introduce HNSW, a method that uses hierarchical navigable small world graphs to efficiently find approximate nearest neighbors.
  - Reference [34] by Y. A. Malkov and D. A. Yashunin.

### 2. **High-Dimensional Data Indexing Optimization:**
- **Optimization of Indexing Based on k-Nearest Neighbor Graph:** Iwasaki and Miyazaki propose an optimization method for indexing based on the k-nearest neighbor graph, aimed at improving proximity search in high-dimensional data.
  - Reference [36] by M. Iwasaki and D. Miyazaki.

### 3. **Evaluation Metrics:**
- **Precision, Recall, F-Measure:** Powers provides an extensive review of these metrics and their limitations, suggesting the use of more robust measures like ROC, informedness, markedness, and correlation.
  - Reference [31] by M. W. Powers.

- **Advantages of Matthews Correlation Coefficient (MCC):** Chicco and Jurman argue that MCC is a superior metric for evaluating binary classification tasks over F-measure and accuracy due to its balance between precision and recall.
  - Reference [33] by D. Chicco and G. Jurman.

### 4. **Applications:**
- **Fashion Product Images Dataset:** The dataset from Kaggle contains images of fashion products, which can be used for tasks such as image classification or recommendation systems that involve vector similarity search.
  - Reference [28] by A. Param.

- **Evaluation Metrics in Large-Scale Image Classification:** Sánchez and Perronnin discuss techniques like high-dimensional signature compression for large-scale image classification using metrics like MCC.
  - Reference [34] by J. Sánchez and F. Perronnin.

### 5. **Benchmarking Nearest Neighbor Search:**
- **Local Dimensionality Measures in Benchmarking:** Aumüller and Ceccarello discuss the role of local dimensionality measures in benchmarking nearest neighbor search, highlighting their importance in understanding the complexity of high-dimensional spaces.
  - Reference [27] by M. Aumüller and M. Ceccarello.

### Conclusion:
The references provided cover various aspects of vector similarity search techniques, from efficient algorithms like ScaNN and HNSW to optimization methods for indexing large datasets and evaluation metrics that can be used in real-world applications such as image classification and recommendation systems. These studies provide a solid foundation for researchers and practitioners working on nearest neighbor search problems, especially in high-dimensional spaces.

Would you need further analysis or specific details about any of these references?"
paper13.pdf,523.25,11,7230,365,qwen2.5,75.9,"### Abstract

**Title:** Comprehensive Full-chain Evaluation (CoFE-RAG) for Retrieval-Augmented Generation (RAG)

**Objective:**
To enhance the evaluation process of Retrieval-Augmented Generation (RAG) systems by addressing current limitations such as data diversity, problem localization, and unstable retrieval assessment.

**Background:**
Retrieval-Augmented Generation (RAG) aims to improve large language models (LLMs) in generating accurate and reliable answers using external knowledge sources. Despite progress, evaluating these systems remains challenging due to limited data diversity, difficulty in pinpointing where issues arise within the RAG pipeline, and ineffective assessment of retrieval performance.

**Challenges Addressed:**
1. **Limited Data Diversity:** Insufficient variation in knowledge sources and query types.
2. **Obscure Problem Location:** Difficulty in identifying where problems occur in the RAG pipeline.
3. **Unstable Retrieval Evaluation:** Methods often fail to accurately assess retrieval effectiveness, especially with changes in chunking strategies.

**Proposed Solution:**
The Comprehensive Full-chain Evaluation (CoFE-RAG) framework is introduced to facilitate a thorough evaluation across the entire RAG pipeline, including:
- **Chunking**: The process of dividing text into manageable segments.
- **Retrieval**: Fetching relevant context from external knowledge sources.
- **Reranking**: Ranking retrieved contexts based on relevance.
- **Generation**: Producing accurate and coherent answers.

**Key Innovations:**
1. **Multi-granularity Keywords:** Utilizing both coarse-grained and fine-grained keywords to assess the retrieved context more comprehensively, reducing reliance on annotated golden chunks.
2. **Holistic Benchmark Dataset:** A tailored dataset covering diverse data scenarios with a wide range of document formats and query types.

**Evaluation Framework:**
Experiments were conducted to evaluate each stage of RAG systems using CoFE-RAG. The results demonstrated the framework's utility in providing detailed insights into the performance of RAG pipelines.

### Key Points

1. **Problem Identification:** CoFE-RAG helps pinpoint specific stages (chunking, retrieval, reranking) where issues may arise.
2. **Data Diversity:** The benchmark dataset ensures a wide range of scenarios are covered, improving applicability and reliability.
3. **Comprehensive Metrics:** Utilizes multi-granularity keywords to assess context retrieval more accurately.

### Conclusion

The CoFE-RAG framework provides a robust solution for evaluating RAG systems by addressing existing limitations in data diversity, problem localization, and retrieval assessment stability. This framework is essential for advancing the development and deployment of effective RAG systems.

---

This abstract succinctly outlines the proposed evaluation framework, addresses key challenges, and highlights its benefits."
paper14.pdf,1623.6,21,16024,489,qwen2.5,82.2,"### Introduction

Large Language Models (LLMs) have demonstrated remarkable capabilities in a wide range of applications, from natural language understanding to text generation. However, they are not without their limitations. Issues such as hallucination—producing information that is incorrect or misleading, outdated knowledge, and the opacity of reasoning processes present significant challenges for practical use. One promising approach to mitigating these issues is Retrieval-Augmented Generation (RAG), which integrates LLMs with external databases to enhance their performance.

### Rationale for RAG

The primary motivation behind RAG is to leverage the extensive and up-to-date knowledge stored in external databases, thereby improving the accuracy and reliability of the generated text. By allowing LLMs to retrieve relevant information from these sources during the generation process, RAG can significantly reduce the likelihood of hallucination and provide more contextually accurate outputs.

### Overview

This paper provides a detailed review of the progression of RAG paradigms, starting with Naive RAG, moving through Advanced RAG, and concluding with Modular RAG. Each section is designed to offer insights into the development and practical application of these frameworks, emphasizing their foundational components: retrieval, generation, and augmentation techniques.

### Structure

- **Naive RAG:** Introduces the basic concept and initial implementation.
- **Advanced RAG:** Explores sophisticated techniques and enhancements to improve performance.
- **Modular RAG:** Focuses on modular design principles that enhance flexibility and extensibility.

### Key Components of RAG Frameworks

#### Retrieval
The retrieval process involves selecting relevant documents or data points from external databases. Techniques range from simple keyword matching to complex semantic search algorithms, each designed to efficiently find the most pertinent information for the task at hand.

#### Generation
This component is responsible for generating text based on the retrieved information. Advanced RAG and Modular RAG often incorporate sophisticated language models that can produce coherent and contextually relevant outputs.

#### Augmentation
Augmentation techniques enhance the integration of external knowledge with the generated text, ensuring that the final output is not only accurate but also well-structured and understandable.

### Case Studies

The review paper includes case studies to illustrate how RAG paradigms are applied in real-world scenarios. These examples cover a variety of domains, including healthcare, legal, and scientific contexts, demonstrating the versatility and effectiveness of RAG in different knowledge-intensive tasks.

### Conclusion

RAG represents a significant advancement in leveraging LLMs by integrating external databases. This integration not only addresses critical limitations but also opens new possibilities for applications requiring high levels of accuracy and reliability. By continuously refining and expanding these paradigms, the field can further enhance its contributions to various domains.

### References

The references provided at the end of the document are an extensive list of relevant studies, papers, and frameworks that have contributed to the development and understanding of RAG. These include seminal works on retrieval techniques, language models, and domain-specific applications.

This structured approach ensures a comprehensive exploration of RAG paradigms, offering both a theoretical foundation and practical insights into their implementation and potential."
paper15.pdf,3566.4,12,7809,172,qwen2.5,42.1,"Based on the information provided, here is how each category can be addressed:

### Materials & experimental systems:
- **Antibodies:** n/a - Not involved.
- **Eukaryotic cell lines:** n/a - Not involved.
- **Palaeontology and archaeology:** n/a - Not relevant.
- **Animals and other organisms:** n/a - Not involved.
- **Human research participants:** n/a - Not involved.
- **Clinical data:** n/a - Not relevant.

### Methods:
- **ChIP-seq:** n/a - Not involved.
- **Flow cytometry:** n/a - Not involved.
- **MRI-based neuroimaging:** n/a - Not involved.

### Specific Notes:
- The study primarily involves computational methods and does not involve any of the materials or experimental systems listed above. 
- Given that the study is focused on a computational method (AlphaFold2) for protein structure prediction, it does not use antibodies, cell lines, animals, human participants, or other traditional experimental materials.

This reporting format ensures clarity about the types of materials and methods used in the research, which is particularly relevant for certain fields like life sciences where such details are often required."
