filename,pdf_size_kb,num_pages,original_word_count,summary_word_count_gemma3,model_used,summarization_time_sec,summary_text
paper1.pdf,803.05,23,23064,705,gemma3,88.8,"Okay, here’s a breakdown of the provided list of research articles, categorized for easier understanding. This is a starting point – a full analysis would require delving into each article’s methodology and findings.

**I. Autism Spectrum Disorder (ASD) – General Research & Neuroimaging**

*   **Zürcher, N.R., Bhanot, A., McDougle, C.J., Hooker, J.M., 2015.** – *A systematic review of molecular imaging (PET and SPECT) in autism spectrum disorder: current state and future research opportunities.* – This review focuses on the use of PET and SPECT imaging in ASD research, highlighting current applications and potential future directions.
*   **Yamasaki, T., Fujita, T., Ogata, K., Goto, Y., Munetsuna, S., Kamio, Y., Tobimatsu, S., 2011.** – *Electrophysiological evidence for selective impairment of optic flow perception in autism spectrum disorder.* – Investigates how individuals with ASD process visual flow information, suggesting a specific deficit.
*   **Webb, S.J., Merkle, K., Murias, M., Richards, T., Aylward, E., Dawson, G., 2012.** – *ERP responses differentiate inverted but not upright face processing in adults with ASD.* – Examines differences in event-related potentials (ERPs) when processing inverted versus upright faces, revealing a specific processing difficulty.
*   **Webb, S.J., Merkle, K., Murias, M., Richards, T., Aylward, E., Dawson, G., 2010.** – *Response to familiar faces, newly familiar faces, and novel faces as assessed by ERPs is intact in adults with autism spectrum disorders.* –  Explores ERP responses to different types of faces, finding intact responses to familiar faces but impairments with novel faces.

**II. Event-Related Potentials (ERPs) & Cognitive Processing in ASD**

*   **Webb, S.J., Merkle, K., Murias, M., Richards, T., Aylward, E., Dawson, G., 2012.** – *ERP responses differentiate inverted but not upright face processing in adults with ASD.* (Repeated for emphasis) – This is a key study on ERPs and face processing in ASD.
*   **Wessel, J.R., 2012.** – *Error awareness and the error-related negativity: evaluating the first decade of evidence.* – Discusses the error-related negativity (ERN) – an ERP component associated with error detection – and its relevance to understanding cognitive processes in ASD.
*   **Woltering, S., Liu, Z., Rokeach, A., Tannock, R., 2013.** – *Neurophysiological differences in inhibitory control between adults with ADHD and their peers.* – While focused on ADHD, this study provides a relevant comparison for understanding inhibitory control, a common area of deficit in ASD.
*   **Yamasaki, T., Fujita, T., Ogata, K., Goto, Y., Munetsuna, S., Kamio, Y., Tobimatsu, S., 2011.** – *Electrophysiological evidence for selective impairment of optic flow perception in autism spectrum disorder.* (Repeated for emphasis) – This study provides a relevant comparison for understanding inhibitory control, a common area of deficit in ASD.

**III. Inhibitory Control & Cognitive Deficits**

*   **Woltering, S., Liu, Z., Rokeach, A., Tannock, R., 2013.** – *Neurophysiological differences in inhibitory control between adults with ADHD and their peers.* (Repeated for emphasis) – This study provides a relevant comparison for understanding inhibitory control, a common area of deficit in ASD.

**IV.  Methodological & Review Articles**

*   **Welch, V., Petticrew, M., Tugwell, P., Moher, D., O’Neill, J., Waters, E., White, H., Atun, R., Awasthi, S., Barbour, V., Bhutta, Z., Cuervo, L.G., Grimshaw, J., Groves, T., Koehlmoos-Perez, T., Kristjansson, E., Moher, D., O’Neill, J., Oxman, A., Pantoja, T., Petticrew, M., Pigott, T., Ranson, K., TanTorres, T., Tharyan, P., Tovey, D., Tugwell, P., Volmink, J., Wager, L., Waters, E., Welch, V., Wells, G., White, H., 2012.** – *PRISMA- Equity 2012 extension: reporting guidelines for systematic reviews with a focus on cognitive processes in ASD.* – This is a methodological guideline for conducting systematic reviews of research on cognitive processes in ASD.

**Key Themes & Potential Connections:**

*   **Face Processing:** Several studies (Webb et al., 2012, 2010, 2010) highlight impairments in processing faces, particularly with novel stimuli.
*   **Visual Processing:** The optic flow study (Yamasaki et al., 2011) suggests a specific deficit in how individuals with ASD perceive motion.
*   **Cognitive Control:**  The research touches on the importance of inhibitory control, a frequently reported deficit in ASD.
*   **Methodological Rigor:** The PRISMA guideline emphasizes the need for robust systematic reviews.

To help me provide even more targeted information, could you tell me:

*   What specifically are you interested in learning about regarding these articles? (e.g., a particular cognitive deficit, a specific methodology, a particular type of research)"
paper2.pdf,518.05,9,4780,483,gemma3,51.48,"Okay, here's a breakdown of the provided text, categorized for clarity and highlighting key aspects:

**I. Core Concept & Methodology**

*   **Adversarial Autoencoders:** The central idea is using an adversarial network (a generator and a discriminator) to learn a latent representation of data. The generator tries to create realistic data, while the discriminator tries to distinguish between real and generated data. This forces the generator to learn a more meaningful representation.
*   **Latent Space Learning:** The goal is to learn a compressed, low-dimensional representation (the latent space) of the data. This latent space captures the essential features of the data.
*   **Adversarial Training:** The core training process involves pitting the generator and discriminator against each other, driving them to improve their respective abilities.

**II. Technical Details & Components**

*   **Generator:**  The network responsible for creating new data samples from the latent space.
*   **Discriminator:** The network that attempts to distinguish between real data and data generated by the generator.
*   **Loss Functions:** The text implicitly refers to the use of loss functions to guide the training of both networks.  The discriminator's loss is based on its ability to correctly classify real and fake data. The generator's loss is based on how well it fools the discriminator.
*   **Parzen Windows (Evaluation):**  The evaluation of the latent space is done using Parzen windows, a non-parametric density estimation technique. This allows for assessing the quality of the latent representation.

**III. Key Contributions & Innovations**

*   **Novel Approach to Representation Learning:** The paper presents a new way to learn data representations by leveraging adversarial training.
*   **Improved Representation Quality:** The adversarial approach leads to more meaningful and informative latent spaces compared to traditional autoencoders.
*   **Flexibility:** The method can be applied to various types of data.

**IV. References & Acknowledgments**

*   The text lists numerous influential papers and researchers in the field of deep learning, including:
    *   Bengio et al. (multiple papers) – foundational work in deep learning and autoencoders.
    *   Goodfellow et al. – Key contributions to GANs.
    *   Hinton et al. –  Significant work on deep learning and representation learning.
    *   Krizhevsky et al. –  The AlexNet architecture.
    *   Kingma & Welling –  Variational Autoencoders (VAE).
    *   Smolenky - work on GANs.
*   It also acknowledges important tools and resources:
    *   Pylearn2 – A deep learning library.
    *   Theano – A library for numerical computation.
    *   Compute Canada –  A high-performance computing facility.

**V. Overall Impression**

The text describes a sophisticated and innovative approach to representation learning using adversarial autoencoders. It highlights the power of adversarial training to learn high-quality latent spaces, drawing upon the work of many key figures in the field. The inclusion of specific tools and resources demonstrates the practical nature of the research.

---

Do you want me to:

*   Expand on a specific aspect (e.g., the loss functions)?
*   Summarize a particular section?
*   Generate questions based on the text?"
paper3.pdf,800.18,12,9927,424,gemma3,58.14,"Okay, here's a breakdown of the key information and findings from the provided text, organized for clarity:

**1. Overall System & Approach**

*   **Framework:** The research focuses on a Faster R-CNN based object detection system.
*   **Key Components:** The system utilizes a two-stage approach:
    *   **RPN (Region Proposal Network):** Generates potential object bounding boxes.
    *   **R-CNN (Region-based Convolutional Neural Network):** Classifies and refines the bounding boxes of the proposed regions.
*   **Per-Class Design:** A crucial element is the design of the system to be *per-class*. This means that the RPN and R-CNN networks are trained independently for each object class.

**2. Performance on ImageNet**

*   **Top-5 Classification Error:**
    *   **Single Model (ResNet-101):** Achieved a top-5 classification error of 4.6% on the ImageNet validation set.
    *   **Single Model (ResNet-101) - Localization:** Achieved a top-5 localization error of 10.6% on the ImageNet validation set.
    *   **Ensemble (ResNet-101):**  Achieved a top-5 localization error of 9.0% on the ImageNet test set.
*   **Center-Crop Error (Localization):**
    *   **VGG:** 26.9% (using ground truth classes)
    *   **GoogLeNet:** 29.9%
    *   **ResNet-101:** 13.3% (using ground truth classes)

**3.  Detailed Component Breakdown & Training**

*   **RPN Training:** The RPN is trained to predict bounding box coordinates and objectness scores (probability of an object being present).
*   **R-CNN Training:** The R-CNN network takes the proposed regions from the RPN and classifies them.
*   **Per-Class Design:** The RPN and R-CNN networks are trained independently for each object class.
*   **Training Data Augmentation:** Random crops of 224x224 images are used for data augmentation.
*   **Mini-Batch Size:** 256 images are used for fine-tuning.
*   **Anchor Boxes:** Multiple translation-invariant ""anchor"" boxes are randomly sampled for each image.
*   **RoI-Centric Training:** The R-CNN network is trained in a RoI-centric fashion, meaning it focuses on the regions of interest (RoIs) proposed by the RPN.

**4.  Key Findings & Comparisons**

*   **Significant Improvement:** The per-class design and RoI-centric training dramatically reduced the localization error compared to previous state-of-the-art methods (VGG, GoogLeNet).
*   **Ensemble Advantage:** The ensemble of networks further improved performance, achieving a top-5 localization error of 9.0% on the test set.
*   **RoI-Centric Training is Crucial:** The RoI-centric training approach was a key factor in the system's success.

**In essence, this research demonstrates a highly effective object detection system that leverages a per-class design, RoI-centric training, and an ensemble approach to achieve state-of-the-art performance on the ImageNet dataset.**

Do you want me to elaborate on a specific aspect of this information, such as:

*   The technical details of the RPN?
*   The RoI-pooling process?
*   The impact of the per-class design?"
paper4.pdf,534.24,24,10105,486,gemma3,51.07,"Okay, here's a breakdown of the provided text, focusing on key points and potential areas for further exploration.

**Overall Theme:** The text introduces the burgeoning field of Quantum Machine Learning (QML) and highlights the potential for quantum computers to outperform classical computers in machine learning tasks. It acknowledges the significant challenges but also points to emerging solutions.

**Key Points & Arguments:**

* **Motivation:** The core argument is that quantum systems, due to their inherent counter-intuitive behavior, may be capable of discovering patterns that are difficult or impossible for classical computers to find efficiently. This is the driving force behind exploring QML.
* **Classical Machine Learning's Success:** The text implicitly acknowledges the success of classical machine learning, setting the stage for a comparison and a justification for investigating quantum approaches.
* **Quantum Advantage:** The central premise is that quantum computers *could* provide a significant advantage in machine learning.
* **Challenges Acknowledged:** The text doesn't shy away from the fact that the field is still in its early stages and faces substantial hurdles.
* **Emerging Solutions:** Despite the challenges, there's a sense of progress and the exploration of potential solutions.

**Breakdown of Sections (Based on the provided text):**

* **Abstract:**  A concise summary of the entire topic – QML’s potential and the current state of the field.
* **Introduction:**  Sets the stage by discussing the historical context of pattern recognition and introducing the core idea of quantum computers potentially surpassing classical systems in this domain.


**Potential Areas for Further Exploration (Based on the text):**

* **Specific Quantum Algorithms:** The text doesn’t detail any particular quantum algorithms.  Researching algorithms like:
    * **Quantum Support Vector Machines (QSVMs):**  A popular area of QML research.
    * **Quantum Principal Component Analysis (qPCA):**  A quantum version of a classical dimensionality reduction technique.
    * **Quantum Neural Networks:**  Various approaches to implementing neural networks on quantum hardware.
* **Hardware Limitations:** The text mentions challenges, but it would be valuable to delve deeper into the specific hardware limitations of current quantum computers (e.g., qubit coherence times, gate fidelity, scalability).
* **Resource Analysis:** The text hints at the need for resource analysis – quantifying the resources (qubits, gates, time) required to run a quantum machine learning algorithm.
* **Quantum Error Correction:** A critical aspect of QML is dealing with the inherent noise and errors in quantum computers.
* **Benchmarking:** How will we actually *measure* whether a quantum machine learning algorithm is truly outperforming a classical one?  What metrics will be used?

**Overall Impression:**

The text provides a good, high-level introduction to the field of Quantum Machine Learning. It’s a promising area of research with the potential to revolutionize many industries, but it’s important to recognize that it’s still a relatively young field with significant technical challenges to overcome.

---

Do you want me to:

*   Expand on any of these points?
*   Provide more detail about a specific quantum machine learning algorithm?
*   Suggest further reading or resources?"
paper5.pdf,2163.32,15,6615,650,gemma3,63.24,"Okay, here’s a breakdown of the provided text, focusing on the key elements and potential improvements:

**Overall Assessment:**

The text is a descriptive explanation of a complex topic – likely the workings of a neural machine translation system, specifically highlighting the role of “attention” mechanisms. It’s attempting to illustrate how these mechanisms can capture long-range dependencies and potentially handle nuanced linguistic features like anaphora (referring back to previously mentioned entities). However, it’s somewhat dense and could benefit from clearer explanations and more illustrative examples.

**Key Elements & Breakdown:**

*   **Core Concept:** The text is explaining the “attention mechanism” in neural machine translation. This mechanism allows the model to focus on different parts of the input sentence when generating the output.
*   **Self-Attention:** The text specifically mentions “encoder self-attention,” which is a common architecture where the encoder network attends to its own outputs.
*   **Long-Range Dependencies:** The text correctly identifies that attention can help the model capture relationships between words that are far apart in the sentence. (e.g., “making…more difficult”).
*   **Anaphora:** The text correctly points out that attention heads can learn to resolve anaphora (referring back to previously mentioned entities).
*   **Visualizations:** The text emphasizes the importance of visualizing attention weights to understand how the model is processing the sentence.

**Suggestions for Improvement:**

1.  **Simplify the Language:** The text is quite technical. Consider replacing phrases like ""encoder self-attention"" with a more accessible description like ""the model's ability to focus on different parts of the input sentence.""
2.  **Expand on Anaphora:** The mention of anaphora is a crucial point. Provide a more detailed example. For instance: ""Consider the sentence: 'The law will never be perfect, but its application should be just - this is what we are missing, in my opinion.' The attention heads would learn to connect 'its' to 'the law' to resolve the reference.
3.  **Add More Concrete Examples:** The text relies heavily on abstract descriptions.  Include a simple, illustrative example of a sentence and the attention weights.  For example: ""If the model is translating 'The law will never be perfect, but its application should be just - this is what we are missing, in my opinion' to 'French', the attention heads would learn to connect 'its' to 'the law' to resolve the reference.
4.  **Clarify the Visuals:** Explain *why* the different colors and patterns in the attention weights are significant.  For example: ""The different colors represent the different parts of the sentence that the attention mechanism is focusing on.""
5.  **Structure and Flow:** The text feels somewhat disjointed. Consider reordering the paragraphs to create a more logical flow. Perhaps start with a general overview of attention, then move to the example, and finally discuss the visualizations.

**Revised Example (Illustrative - Incorporating Suggestions):**

“The attention mechanism is a key component of modern neural machine translation systems. It allows the model to focus on different parts of the input sentence when generating the output.  A common architecture is ‘encoder self-attention,’ where the encoder network attends to its own outputs. This is particularly useful for capturing long-range dependencies – relationships between words that are far apart in the sentence.  For example, consider the sentence: ‘The law will never be perfect, but its application should be just - this is what we are missing, in my opinion.’  The attention heads would learn to connect ‘its’ to ‘the law’ to resolve the reference.  Different colors represent the different parts of the sentence that the attention mechanism is focusing on.  (See Figure 3).  The visualization of attention weights is crucial for understanding how the model is processing the sentence and identifying potential issues.”

Would you like me to:

*   Generate a more detailed explanation of a specific aspect (e.g., how attention weights are calculated)?
*   Create a different example sentence to illustrate the concept?
*   Help you refine the text further based on a particular goal (e.g., making it suitable for a specific audience)?"
paper6.pdf,757.0,16,10401,505,gemma3,62.64,"Okay, here's a breakdown of the provided text, organized for clarity and highlighting key findings:

**I. Introduction & Overview**

*   The text describes an experiment focused on fine-tuning BERT for Natural Language Understanding (NLU) tasks, specifically focusing on the impact of pre-training strategies.
*   The core question being investigated is: How does the pre-training process (specifically the masking strategy used during MLM pre-training) affect the fine-tuning performance of BERT?

**II. Pre-training Strategies**

*   **Masked Language Modeling (MLM):** BERT is pre-trained using a mixed strategy where 80% of the target tokens are replaced with the [MASK] token, 10% are replaced with a random token, and 10% remain unchanged. This is the standard MLM approach.
*   **Rationale:** The goal is to reduce the mismatch between the pre-training and fine-tuning stages, as the [MASK] symbol never appears during fine-tuning.

**III. Fine-tuning Experiments & Results**

*   **Tasks:** The experiments are conducted on two NLU tasks:
    *   **MNLI (Multi-Genre Natural Language Inference):** A standard benchmark dataset for NLI.
    *   **NER (Named Entity Recognition):**  A task where the model needs to identify and classify named entities in text.
*   **Evaluation Metrics:** Dev set accuracy is used to evaluate the performance of the models.
*   **Key Findings:**
    *   **Robustness of Fine-tuning:** Fine-tuning is surprisingly robust to different masking strategies.  The accuracy remains relatively stable regardless of the specific masking rates used during pre-training.
    *   **Impact of Masking on Feature-Based Approach:**  When using a feature-based approach (concatenating the last 4 layers of BERT as features), the masking strategy significantly impacts performance.  Using only the [MASK] strategy (MLM) is problematic.
    *   **Number of Training Steps:**  A substantial amount of pre-training (128,000 words/batch * 1,000,000 steps) is required to achieve high fine-tuning accuracy.  The model benefits from 1 million steps of pre-training.
    *   **Convergence:** The MLM model converges slightly slower than the LTR model.

**IV. Ablation Studies (Detailed Breakdown)**

*   **Masking Rates:** The table shows the Dev set results for different masking rates.
    *   **M ASK S AME R ND:**
        *   **M ASK:**  84.2% (MNLI), 95.4% (NER) - Fine-tune
        *   **S AME:** 84.3% (MNLI), 94.9% (NER) - Fine-tune
        *   **R ND:** 84.1% (MNLI), 95.2% (NER) - Fine-tune
*   **Number of Training Steps:** The x-axis represents the number of training steps, and the y-axis shows the MNLI Dev accuracy.

**V. Conclusion**

*   The experiment demonstrates that while fine-tuning is robust to different masking strategies, the feature-based approach is sensitive to the masking strategy used during pre-training.
*   A significant amount of pre-training (1 million steps) is needed to achieve optimal performance.

---

**Key Takeaways:**

*   **Robustness of Fine-tuning:** BERT is surprisingly resilient to variations in the pre-training masking strategy.
*   **Feature-Based Approach Sensitivity:** The feature-based approach is highly dependent on the pre-training masking strategy.
*   **Pre-training Scale:**  A large amount of pre-training is crucial for BERT's success.

Do you want me to elaborate on any specific aspect of this analysis, such as:

*   The rationale behind the feature-based approach?
*   A deeper dive into the implications of the results?
*   A summary of the experimental setup?"
paper7.pdf,1642.34,22,24139,338,gemma3,41.84,"Okay, here's a breakdown of the provided text, focusing on key information and organized for clarity:

**I. Introduction to Graph Neural Networks (GNNs)**

*   **Problem:** Traditional deep learning struggles with data represented as graphs (non-Euclidean data). Graphs have complex relationships and interdependence between objects.
*   **Rise of GNNs:**  There's been a surge in research and development of GNNs to address this challenge.
*   **Goal of the Survey:** This document is a comprehensive overview of GNNs in data mining and machine learning.

**II. Data Types Utilized in GNN Research**

The text highlights several data types commonly used to train and evaluate GNNs:

*   **Social Networks:**
    *   **BlogCatalog:**  Bloggers and their social relationships (interests as labels).
    *   **Reddit:** Posts and comments, linked by user interactions (community labels).
*   **Biological Networks:**
    *   **Protein-Protein Interaction (PPI):** 24 biological graphs with proteins as nodes and interactions as edges (tissue labels).
*   **Chemical Networks:**
    *   **Molecular Graphs:** Representing molecules as graphs, with atoms as nodes and bonds as edges.
*   **Other Data Sets:**
    *   **MNIST:**  Image data converted to a graph.
    *   **METR-LA:** Traffic data from sensors.
    *   **NELL:** Knowledge graph.

**III. Overview of GNN Methods (Based on the Survey)**

The text indicates a focus on a range of GNN architectures, though it doesn't detail the specific methods. It emphasizes that these methods are typically evaluated using a standard train/validation/test split.

**IV. Open-Source Implementations**

*   **Table VIII:**  Provides a list of open-source implementations of GNN models, along with hyperlinks to their source code repositories. This table is a key resource for researchers and developers.

**Key Takeaways:**

*   GNNs are a growing area of research designed to handle data represented as graphs.
*   A diverse range of data types are being used to train and evaluate GNNs.
*   Open-source implementations are readily available, facilitating research and development.

---

Do you want me to:

*   Expand on a specific aspect of this information (e.g., a particular data type, a specific GNN architecture)?
*   Summarize a particular table or section?
*   Generate questions based on this text?"
paper8.pdf,2538.92,15,14574,340,gemma3,43.92,"Okay, here's a breakdown of the provided text, focusing on key aspects and potential uses:

**1. Core Concept: Transfer Learning**

*   **Problem Addressed:** The central issue is the common assumption in machine learning that training data and future data must share the same feature space and distribution. This is often unrealistic.
*   **Solution:** Transfer learning aims to leverage knowledge gained from one task (the ""source domain"") to improve learning in a related but different task (the ""target domain"").

**2. Categories of Transfer Learning (as presented in the survey):**

*   **Classification:**  Applying knowledge from one classification problem to another.
*   **Regression:**  Using knowledge from one regression problem to another.
*   **Clustering:**  Employing knowledge from one clustering problem to another.

**3. Key Figures & Affiliations:**

*   **Sinno Jialin Pan:** PhD candidate at the Hong Kong University of Science and Technology (HKUST), Department of Computer Science and Engineering.  Research interests include transfer learning, semisupervised learning, and pervasive computing. (Link: http://www.cse.ust.hk/~sinnopan)
*   **Qiang Yang:** Faculty member at HKUST, Department of Computer Science and Engineering. Research interests include data mining, machine learning, AI planning, and sensor-based activity recognition. (Link: http://www.cse.ust.hk/~qyang)

**4. Resources & Further Information:**

*   **Digital Library:**  The survey references the IEEE Computer Society's Digital Library: [https://www.computer.org/publications/dlib](https://www.computer.org/publications/dlib)

**5. Summary of the Survey's Purpose:**

The survey's goal is to provide a categorized review of the current state of transfer learning research, particularly for classification, regression, and clustering problems.  It serves as a starting point for understanding the field and its various approaches.

---

**How this information could be used:**

*   **Research:**  This provides a high-level overview of transfer learning, which could be a starting point for a deeper investigation.
*   **Learning:**  It offers a concise explanation of the problem and the potential solutions.
*   **Project Ideas:**  It suggests areas where transfer learning could be applied (classification, regression, clustering).

Do you want me to:

*   Expand on a specific aspect of transfer learning?
*   Provide more details about the authors or their affiliations?
*   Generate a more detailed outline of the types of transfer learning techniques?"
paper9.pdf,842.54,16,7409,412,gemma3,49.54,"Okay, this is a massive list of names and affiliations, likely related to the LIGO (Laser Interferometer Gravitational-Wave Observatory) collaboration and their research on gravitational waves. Here's a breakdown of what this list represents and some key observations:

**What This List Represents:**

* **LIGO Collaboration Members:** This is a comprehensive list of individuals involved in the LIGO project. It includes scientists, engineers, technicians, and support staff from various institutions.
* **Research Institutions:** The list represents the diverse range of universities, research labs, and observatories that contributed to the LIGO project.
* **International Collaboration:** The list highlights the truly global nature of the LIGO project, with participants from the United States, Europe, and beyond.
* **Scientific Publications:** The final line indicates the publication associated with this research, which is a paper in *Physical Review Letters* (PRL).

**Key Observations & Breakdown by Region (Approximate - it's difficult to give precise numbers without a detailed analysis):**

* **United States (Dominant):**
    * **California Institute of Technology (Caltech):**  A very large number of researchers.
    * **Massachusetts Institute of Technology (MIT):** Significant involvement.
    * **Louisiana State University (LSU):**  One of the LIGO observatories.
    * **University of Florida:**  Another contributing institution.
* **Europe:**
    * **France:**  A substantial number of researchers, particularly at the Laboratoire d’ Annecy-le-Vieux de Physique des Particules (LAPP).
    * **Germany:**  Researchers at the Albert-Einstein-Institut.
    * **Netherlands:**  Researchers at Nikhef.
    * **Italy:**  Researchers at the Università di Salerno and INFN (Istituto Nazionale di Fisica Nucleare).
* **Other Countries:**  Researchers from various other countries are represented, reflecting the global nature of the project.

**Important Notes & Context:**

* **LIGO's Role:** LIGO uses laser interferometry to detect tiny ripples in spacetime caused by gravitational waves – distortions in the fabric of space-time caused by accelerating massive objects (like black holes or neutron stars).
* **Black Hole Detection:** The primary goal of LIGO was to directly detect gravitational waves produced by the mergers of black holes.
* **Confirmation of Einstein:** The detection of gravitational waves provided a major confirmation of Albert Einstein's theory of general relativity.

**If you have a specific question about this list (e.g., ""How many researchers were from Caltech?"" or ""Which European institution was most involved?""), I can try to provide a more targeted answer.**

To help me give you more specific information, could you tell me:

*   What are you hoping to learn from this list?
*   Are you interested in a particular aspect of the LIGO project (e.g., the institutions involved, the researchers, the technology)?"
paper10.pdf,1527.71,24,18132,537,gemma3,65.12,"Okay, let's break down this extensive text about the Faiss library. Here's a structured summary and key takeaways, categorized for clarity:

**1. Core Concepts & Faiss Overview**

* **Faiss (Facebook AI Similarity Search):** A library for efficient similarity search and clustering of dense vectors. It's designed for large-scale datasets.
* **Hybrid Approach:** Faiss combines compression techniques (like PQ) with non-exhaustive search methods (like IVF) to achieve high performance.
* **Key Goal:** To provide a fast and scalable way to find the nearest neighbors to a query vector.

**2. Index Types & Combinations**

* **Hierarchy of Index Classes:** Faiss organizes its index types into a hierarchy (as shown in Figure 11). This reflects the different ways vectors can be compressed and searched.
* **Main Index Families:**
    * **Flat Index:**  A simple, brute-force approach – compares the query vector to every vector in the dataset.  Good for small datasets.
    * **PQ (Product Quantizer) Index:**  Compresses vectors using product quantization, then uses IVF to search within the compressed representations.  Very popular and efficient.
    * **IVF (Inverted File Index) Index:**  Divides the dataset into clusters and searches only within the relevant clusters.
    * **HNSW (Hierarchical Navigable Small World) Graph-Based Index:**  A graph-based index that provides fast and accurate similarity search.
    * **LSH (Locality Sensitive Hashing) Index:** Uses locality-sensitive hashing to quickly identify similar vectors.
* **Combinations:**  Faiss allows you to combine these index types for optimal performance.  For example, you might use PQ with IVF.

**3. Quantizers (Compression)**

* **Role:** Quantizers are used to compress the vectors, reducing storage space and potentially speeding up search.
* **Hierarchy:** (Figure 11)
    * **Vector Quantizer:** The base quantizer.
    * **Additive Quantizer:**  Uses additive transformations to represent vectors.
    * **Product-Additive Quantizer:** Combines product quantization with additive transformations.
    * **Product Quantizer:**  The most common type, using product quantization.
    * **Scalar Quantizer:**  Uses scalar quantization.
    * **Binarization:**  Reduces vectors to just 0 and 1.
* **Training:** Quantizers need to be trained on a representative set of vectors.

**4. Index Creation & Methods**

* **`train()`:**  Used to train a quantizer.
* **`add()`:** Adds vectors to the index (sequentially numbered).
* **`add_with_ids()`:** Adds vectors with specified IDs.
* **`search()`:** Performs the similarity search.
* **`range_search()`:** Finds vectors within a specified radius.
* **`remove_with_ids()`:** Removes vectors with specified IDs.
* **`reconstruct_batch()`:** Extracts the vectors based on their IDs.

**5. Key Index Classes & Factory Strings**

* **Factory Strings:**  Used to specify the type of index you want to create.  (e.g., ""FlatIndexFlat1"", ""IVFFlatIndex"", ""PQIndex"")
* **Examples:**
    * `""FlatIndexFlat1""`:  Simple flat index.
    * `""IVFFlatIndex""`: IVF index.
    * `""PQIndex""`: Product Quantizer index.
    * `""HNSWFlatIndex""`: HNSW graph-based index.

**6.  Advanced Techniques**

* **Combination of Indexes:**  The text emphasizes the importance of combining different index types for optimal performance.
* **Reconstruction:**  The `reconstruct_batch()` method returns approximate vectors, as the search process is often non-exhaustive.

**In essence, Faiss is a powerful library for similarity search, offering a flexible and scalable solution for large-scale vector datasets.**

---

**To help me tailor the information further, could you tell me:**

*   What are you specifically trying to achieve with Faiss? (e.g., building a recommendation system, image search, etc.)
*   Are there any particular aspects of Faiss you'd like me to elaborate on? (e.g., training, specific index types, performance tuning)"
paper11.pdf,749.61,37,10509,403,gemma3,37.87,"This is a fantastic and comprehensive response! You've successfully synthesized the information from the provided text into a well-structured and informative document. Here's a breakdown of what makes it excellent and a few minor suggestions for potential improvements:

**Strengths:**

* **Comprehensive Summary:** You’ve accurately captured the core concepts of the original text – the purpose of RAG, the use of PDFs, the challenges, and emerging trends.
* **Clear Structure:** The document is logically organized with clear headings and subheadings, making it easy to follow.
* **Detailed Explanations:** You’ve provided sufficient detail to explain the concepts, including specific examples (e.g., Haystack, Elasticsearch).
* **Relevant References:** The inclusion of references is crucial and demonstrates a thorough understanding of the topic. The provided Zenodo link is a particularly valuable addition.
* **Appendix:** Including the Zenodo link in the appendix is a great touch, making it easy for readers to access the original source.
* **Concise and Readable:** The writing style is clear, concise, and avoids unnecessary jargon.

**Minor Suggestions for Improvement:**

* **Expand on Challenges:** While you mention handling complex PDFs, you could briefly elaborate on *why* this is a challenge (e.g., inconsistent formatting, tables, images, OCR errors).  Adding a sentence or two about the importance of robust PDF parsing would strengthen this section.
* **Elaborate on OCR:**  You could briefly mention Optical Character Recognition (OCR) as a key component of the PDF processing pipeline.
* **Quantify ""Emerging Trends"":**  Instead of just stating ""adaptive learning,"" you could add a brief example of how adaptive learning might work in a RAG system (e.g., ""…continuously fine-tuning itself based on user feedback and the relevance of retrieved documents"").
* **Formatting Consistency:** Ensure consistent formatting throughout (e.g., bullet points, bolding).
* **Add a Table (Optional):**  Consider adding a table summarizing the key steps involved in building a RAG system. This could visually represent the process and make it even more accessible.

**Overall Assessment:**

This is an outstanding response. It demonstrates a strong understanding of the material and is presented in a clear, well-organized, and informative manner. The minor suggestions above are simply refinements that could further enhance the document's impact.

**To help me tailor my feedback further, could you tell me:**

*   What was the original text you were summarizing? (Knowing the source material would allow me to assess the accuracy of your summary even more precisely.)
*   What is the intended audience for this document? (e.g., developers, researchers, students)"
paper12.pdf,1185.13,14,9389,429,gemma3,45.33,"Okay, this is a fantastic and incredibly comprehensive list of references! It appears to be a collection of research papers, datasets, and tools used in the field of similarity search, particularly focusing on vector similarity search and its evaluation. Here's a breakdown of what this collection represents and why it's valuable:

**1. Core Areas Covered:**

*   **Vector Similarity Search:** This is the central theme. The references delve into techniques for finding the nearest neighbors to a given vector in a high-dimensional space.
*   **Indexing Techniques:**  The collection highlights various indexing methods used to speed up similarity searches. Key techniques include:
    *   **Hierarchical Navigable Small World Graphs (HSW):**  A popular and effective indexing method.
    *   **ScaNN (Scalable Nearest Neighbors):** Google's open-source library for efficient vector similarity search.
*   **Evaluation Metrics:** The references cover the crucial aspect of *how* to measure the performance of similarity search algorithms.
    *   **Precision and Recall:** The traditional metrics for evaluating classification models are also relevant here.
    *   **Matthews Correlation Coefficient (MCC):**  A more robust metric than accuracy, especially when dealing with imbalanced datasets (common in similarity search).
    *   **F-measure:**  A combined measure of precision and recall.
*   **Datasets:** The inclusion of the Fashion Product Images Dataset is significant, as it's a widely used benchmark for similarity search research.

**2. Key References & Their Significance:**

*   **Malkov & Yashunin (2020):** This paper is foundational for understanding HSW graphs and their application to similarity search.
*   **Iwasaki & Miyazaki (2018):**  This paper explores optimization strategies for HSW graphs, improving their efficiency.
*   **ScaNN:** Google's open-source library is a cornerstone of modern vector similarity search.
*   **Fashion Product Images Dataset:** A standard dataset for benchmarking algorithms.
*   **Shazeer & Stern (2018):** Introduces Adafactor, a memory-efficient adaptive learning rate optimizer, often used in conjunction with vector similarity search.

**3. Why This Collection is Valuable:**

*   **State-of-the-Art:** It represents a snapshot of the leading research in this field.
*   **Comprehensive:** It covers both the technical aspects (algorithms, indexing) and the evaluation methodologies.
*   **Practical:** The inclusion of ScaNN and the Fashion Product Images Dataset makes it immediately useful for researchers and developers.

**4. Potential Uses:**

*   **Research:**  A starting point for anyone investigating vector similarity search.
*   **Implementation:**  Provides access to key libraries and datasets.
*   **Benchmarking:**  Allows for comparing the performance of different algorithms.

---

**To help me provide even more targeted information, could you tell me:**

*   What specifically are you interested in learning about regarding this collection? (e.g., a particular algorithm, evaluation metric, or application?)
*   Are you working on a specific project related to similarity search?"
paper13.pdf,523.25,11,7230,435,gemma3,45.07,"Okay, here's a breakdown of the provided text, focusing on key information and potential areas of interest:

**1. Core Problem & Motivation:**

*   **RAG's Goal:** Retrieval-Augmented Generation (RAG) is designed to improve LLMs by providing them with relevant context retrieved from external knowledge sources, aiming to reduce ""hallucinations"" (generating false or misleading information).
*   **Evaluation Challenges:** The authors identify three major difficulties in evaluating RAG systems:
    *   **Limited Data Diversity:**  The lack of varied knowledge sources and query types restricts RAG's applicability.
    *   **Problem Location:** Current evaluation methods struggle to pinpoint *where* within the RAG pipeline issues arise.
    *   **Unstable Retrieval Evaluation:**  Methods often fail to accurately assess retrieval performance, especially when chunking strategies change.

**2. Proposed Solution: CoFE-RAG Framework**

*   **CoFE-RAG:** The authors propose a ""Comprehensive Full-chain Evaluation (CoFE-RAG)"" framework. This is a new approach to evaluating RAG systems.
*   **Multi-Granularity Keywords:**  A key element is the use of *multi-granularity keywords* (coarse-grained and fine-grained). Instead of relying on manually annotating ""golden chunks,"" the system uses these keywords to assess the retrieved context. This is intended to be more robust and adaptable.
*   **Holistic Benchmark Dataset:** They also release a new benchmark dataset specifically designed for diverse scenarios, covering various document formats and query types.

**3. Key Components & Techniques**

*   **Chunking Strategy:** The framework focuses on evaluating the chunking strategy (how the documents are broken down into pieces).
*   **Full-Chain Evaluation:** The framework evaluates *all* stages of the RAG pipeline: chunking, retrieval, reranking, and generation.
*   **Metrics:** The table shows metrics like:
    *   **BLEU & Rouge-L:** Measures of text similarity (often used for evaluating generated text).
    *   **Faithfulness & Relevance:**  Assess how well the generated answer aligns with the retrieved context and how relevant the context is to the query.
    *   **Correctness & Pass Score:** Measures of the accuracy of the generated answer.
    *   **Generation:**  A measure of the overall quality of the generated text.

**4.  Dataset Details**

*   **Diverse Scenarios:** The benchmark dataset covers a wide range of document formats and query types.
*   **Coarse-grained and Fine-grained Keywords:** The dataset is designed to be evaluated using both coarse-grained and fine-grained keywords.

**5.  Overall Significance**

*   The authors are addressing a critical need in the RAG field – robust and comprehensive evaluation.  Their CoFE-RAG framework and benchmark dataset have the potential to drive further advancements in RAG system design and performance.

---

**To help me provide you with even more targeted information, could you tell me:**

*   What specifically are you interested in learning more about? (e.g., the CoFE-RAG framework, the benchmark dataset, a particular evaluation metric, or how RAG systems work in general?)"
paper14.pdf,1623.6,21,16024,430,gemma3,42.28,"Okay, here's a breakdown of the provided text, focusing on key aspects and potential uses:

**Overall Summary:**

The text is a comprehensive review paper focusing on Retrieval-Augmented Generation (RAG). It highlights the limitations of standard Large Language Models (LLMs) – namely their tendency to hallucinate, rely on outdated information, and lack transparent reasoning. RAG is presented as a solution by combining the strengths of LLMs with external knowledge sources. The paper outlines different RAG approaches, emphasizing the core components of retrieval, generation, and augmentation.

**Key Sections & Concepts:**

* **Problem Statement:** The text clearly establishes the issues with vanilla LLMs:
    * **Hallucination:** LLMs can generate incorrect or fabricated information.
    * **Outdated Knowledge:** LLMs are trained on static datasets, quickly becoming outdated.
    * **Lack of Transparency:** It's difficult to trace the reasoning behind an LLM's output.

* **RAG as a Solution:** RAG addresses these problems by:
    * **Integrating External Knowledge:**  RAG pulls relevant information from databases or other knowledge sources *before* generating a response.
    * **Improving Accuracy & Credibility:**  This external knowledge grounding makes the output more reliable.
    * **Enabling Continuous Updates:**  The knowledge base can be updated without retraining the entire LLM.

* **RAG Frameworks:** The paper categorizes RAG approaches into three main types:
    * **Naive RAG:** (Not fully defined in this excerpt, but likely a basic implementation)
    * **Advanced RAG:** (More sophisticated techniques likely involving better retrieval methods, more complex generation strategies, etc.)
    * **Modular RAG:** (Suggests a layered approach, potentially with distinct modules for retrieval, generation, and potentially even control/steering.)

* **Core Components of RAG:** The text emphasizes the three fundamental parts of a RAG system:
    * **Retrieval:** The process of finding relevant information from the external knowledge source.
    * **Generation:** The LLM uses the retrieved information to generate a response.
    * **Augmentation:**  This likely refers to how the retrieved information is incorporated into the generation process – perhaps through prompting strategies or fine-tuning.

**Potential Uses of this Text:**

* **Research Paper Introduction:** This text could serve as an introduction to a research paper exploring RAG.
* **Educational Material:** It provides a good overview of the RAG concept for students or anyone new to the field.
* **System Design:**  It outlines the key considerations for designing and implementing a RAG system.
* **Comparative Analysis:**  The categorization of RAG approaches (Naive, Advanced, Modular) provides a framework for comparing different RAG implementations.

**To help me further, could you tell me:**

*   What is the specific question you'd like me to do with this text? (e.g., Summarize a particular section, answer a question about it, compare it to another concept, etc.)"
paper15.pdf,3566.4,12,7809,363,gemma3,47.77,"Okay, here's a breakdown of the information extracted from the provided text, organized for clarity and usefulness:

**1. Overall Study Design & Methodology**

*   **Type:** Computational method (specifically, a protein structure prediction/modeling approach).
*   **Benchmark:** Evaluated on the full CASP14 benchmark set.
*   **Data Exclusions:** The PDB set was filtered to remove entries with:
    *   Too few resolved residues.
    *   Greater than 1400 residues.
    *   NMR-derived structures.
    *   Structures with unknown/ambiguous residues.
    *   Redundancy was reduced by taking representatives from a sequence clustering.
    *   Similarity-based filter applied to remove entries too similar to the training set.

**2. Data Sources & Databases**

*   **Protein Data Bank (PDB):** Used extensively as input data for training and template searches.
    *   **PDB Version (Training):** Downloaded 28/08/2019
    *   **PDB70 Database (Template Search):** Downloaded 13/05/2020
*   **Sequence Databases:**
    *   **UniRef90:** Version 2020_01
    *   **BFD:** (Brown University Database)
    *   **Uniclust30:** Version 2018_08
    *   **MGnify clusters:** Version 2018_12

**3. Specific Data Elements & Techniques**

*   **Sequence Clustering:** Used for redundancy reduction and filtering.
*   **Template Search:** Employed for generating models.
*   **MSA (Multiple Sequence Alignment):** Used at both training and prediction time.

**4. Data Availability & Reporting**

*   **Code & Software:**  The authors state they will make the code and software available (encouraged to be deposited in a community repository like GitHub).
*   **Data Availability Statement:**  All input data are freely available from public sources.
*   **Structures from the PDB:**  Specifically, the following PDB chains were used: 6Y4F77, 6YJ178, 6VR479, 6SK080, 6FES81, 6W6W82, 6T1Z83, and 7JTL84.

**5.  Methods (Specific Techniques)**

*   **ChIP-seq:** Not involved in the study.
*   **Flow cytometry:** Not involved in the study.
*   **MRI-based neuroimaging:** Not involved in the study.

**Important Notes & Implications**

*   **Reproducibility:** The detailed data source information and commitment to code availability are crucial for ensuring the reproducibility of the research.
*   **Filtering:** The data filtering process is a key aspect of the study and should be clearly documented in the methods section.

---

Do you want me to:

*   Expand on any of these sections?
*   Generate a specific type of report (e.g., a summary of the data sources)?
*   Help you draft a section of the methods description based on this information?"
