Paper Number,Summary Text,Word Count,Summarization Time (sec)
"Paper 1 Summary:
Extracting structured text from PDF...
Structured text saved to structured_paper.txt
Generating summary...
--- Summary of the Research Paper ---","1. Detailed Breakdown in Simple Terms:
This study investigates the neural mechanisms underlying attention allocation and sensory processing differences in individuals with Autism Spectrum Disorder (ASD). The authors focus on how these differences manifest in the event-related potentials (ERPs) during face and object processing tasks. They also compare their findings to those of typical neurodevelopment.
2. Key References and How they Relate to this Work:
- Webb, S.J., Merkle, K., Murias, M., Richards, T., Aylward, E., Dawson, G. (2010) & Webb, S.J., Merkle, K., Murias, M., Richards, T., Aylward, E., Dawson, G. (2012): These studies show that adults with ASD have intact ERP responses to familiar faces but exhibit different neural processing of inverted vs upright faces compared to neurotypical individuals.
- Yamasaki, T., Fujita, T., Ogata, K., Goto, Y., Munetsuna, S., Kamio, Y., Tobimatsu, S. (2011): This research provides electrophysiological evidence for selective impairment of optic flow perception in ASD, which suggests that the visual system processing may be affected in individuals with ASD.
- Woltering, S., Liu, Z., Rokeach, A., Tannock, R. (2013): This study demonstrates neurophysiological differences in inhibitory control between adults with ADHD and their peers, which provides a context for understanding the potential role of impaired executive functions in ASD.
- Wessel, J.R. (2012): This work evaluates the error-related negativity (ERN) and offers insights into its significance in studies involving individuals with ASD.
- Zürcher, N.R., Bhanot, A., McDougle, C.J., Hooker, J.M. (2015): This systematic review of molecular imaging in ASD provides a foundation for understanding the underlying neurological differences in individuals with ASD.
3. Improvement upon Existing Literature:
This study expands on existing literature by investigating both face and object processing differences in individuals with ASD, providing a more comprehensive understanding of their neural mechanisms. The authors also focus specifically on the N2pc component of ERPs, which has received less attention in previous studies of ASD. Furthermore, they compare their findings across different age groups (children and adults), thereby offering insights into developmental trajectories of these differences.
4. Methodology Used:
The authors conducted an event-related potentials (ERP) study involving both children and adults with ASD and neurotypical controls. They presented participants with faces, objects, and scrambled versions of faces and objects and recorded their ERPs using electroencephalography (EEG). The N2pc component of the ERP was analyzed to assess attention allocation during these tasks.
5. Main Results and Conclusions:
The results showed that individuals with ASD exhibited reduced N2pc amplitudes when processing both faces and objects compared to neurotypical controls. This suggests that individuals with ASD may have difficulty allocating attention to visual stimuli, particularly in the context of face and object recognition. The findings also indicate that these differences are present across different age groups (children and adults), suggesting a developmental consistency in this deficit. These results contribute to our understanding of the neural underpinnings of attention allocation and sensory processing differences in individuals with ASD.",482,142.44
"Paper 2 Summary:
Extracting structured text from PDF...
Structured text saved to structured_paper.txt
Generating summary...
--- Summary of the Research Paper ---","1. Detailed Breakdown:
- This work introduces a new concept called ""Generative Adversarial Networks"" (GAN). GANs are artificial intelligence systems that can learn to generate images or data by playing a game of 'guess who.' The system is composed of two parts: a generator, which creates new samples, and a discriminator, which tries to distinguish between the real and fake samples.
- The authors demonstrate that this approach can be used to create high-quality images (for example, of faces or landscapes) that are virtually indistinguishable from real ones.
2. Key References:
- [Goodfellow, et al., 2014]: Introduce the concept of Generative Adversarial Networks.
- [Gutmann & Hyvarinen, 2012][Hinton, et al., 1994][Hinton, Osindero, & Teh, 2006]: Provide previous work in unsupervised learning and autoencoders, which inspired the development of GANs.
- [Kingma & Welling, 2014][Krizhevsky, et al., 2012][LeCun, et al., 2015]: Offer related work in deep learning and convolutional neural networks, which are used in the implementation of GANs.
3. Improvement upon Existing Literature:
- Unlike previous approaches to unsupervised learning, such as autoencoders, GANs can generate new samples from the data distribution they learn. This allows for a more flexible and powerful way of generating new images or data points.
4. Methodology Summary:
- The authors use Convolutional Neural Networks (CNNs) for both the generator and discriminator parts of the GAN, which are trained together in an adversarial manner to improve their performance over time.
- To train the networks, they collect a large dataset of face images and use it to teach their system how to generate new, realistic-looking faces.
5. Main Results and Conclusions:
- The results show that the proposed GAN can generate high-quality images of faces that are virtually indistinguishable from real ones, demonstrating the effectiveness of this approach in generating novel data samples.
- The authors note that this method has potential applications in various fields such as computer graphics, video games, and even digital forensics where it may be useful to generate synthetic images for training or testing purposes.",335,105.96
"Paper 3 Summary:
Extracting structured text from PDF...
Structured text saved to structured_paper.txt
Generating summary...
--- Summary of the Research Paper ---","1. In simple terms, this work presents a deep learning model (using ResNet-101) for object recognition and localization on the ImageNet dataset. The model improves upon previous methods by achieving better accuracy in recognizing objects and locating them within images.
2. Key references:
- GoogLeNet [44]: This is a deep convolutional neural network architecture that won the ImageNet competition in 2014. It uses an Inception module to efficiently process images at multiple scales.
- OverFeat [40]: This work presented a unified framework for object recognition, which achieved good results on the ImageNet dataset using a combination of CNNs and HoG features.
- VGG [41]: This paper introduced the VGG16 network, a deep convolutional neural network architecture that also achieved top results in the ImageNet competition.
- Faster R-CNN [32]: This work proposed an end-to-end object detection system that combines region proposal and classification networks into a single model.
- R-CNN [8]: This paper introduced the Region Convolutional Network, which is an early deep learning-based object detection method.
3. This work improves upon existing literature by using a more powerful network architecture (ResNet-101) and achieving better results in both object recognition and localization on the ImageNet dataset.
4. Methodology used: The authors trained a deep convolutional neural network (using ResNet-101) for object classification, and a proposal network (RPN) within Faster R-CNN for generating regions of interest within images. They then fine-tuned an R-CNN network on the generated regions to classify and refine their positions.
5. Main results and conclusions: The authors achieved significant improvements in both object recognition and localization compared to previous methods. On the validation set, they reported a top-5 classification error of 4.6% and a top-5 localization error of 10.6%. These numbers significantly outperformed the ILSVRC 2014 results, demonstrating a 64% relative reduction in localization error. This work won first place in both the object recognition and localization tasks in ILSVRC 2015.",314,97.62
"Paper 4 Summary:
Extracting structured text from PDF...
Structured text saved to structured_paper.txt
Generating summary...
--- Summary of the Research Paper ---","1. Detailed Breakdown: This study explores the potential for quantum computers to outperform classical computers in machine learning tasks, as quantum systems can produce patterns that are not easily produced by classical ones. The main goal is to develop practical quantum software with such advantages. Recent advancements have shown that while hardware and software challenges are still significant, paths towards solutions have been identified.
2. Key References:
- [106] Lu et al.: This work discusses enhancing quantum control by bootstrapping a quantum processor, which can help in implementing machine learning techniques on quantum systems.
- [107] Low et al.: This paper presents quantum inference on Bayesian networks, which is one of the machine learning tasks that could potentially benefit from quantum computation.
- [1401.2910]: This reference discusses defining and detecting quantum speedup, which is a key aspect of comparing classical and quantum approaches to machine learning tasks.
3. Improvement upon Existing Literature: The work improves on existing literature by providing concrete examples and resource analyses of specific quantum software algorithms designed for machine learning tasks, paving the way towards practical implementations.
4. Methodology: The authors survey various approaches in the field of quantum machine learning, including quantum linear systems algorithms, Bayesian networks, and reinforcement learning, among others. They focus on identifying hardware and software challenges and potential solutions to overcome these challenges.
5. Main Results and Conclusions: The study concludes that while there are still considerable obstacles in implementing practical quantum software for machine learning tasks, recent advancements have opened up promising paths towards solutions. The authors emphasize the need for continued research and development in this field to unlock the potential of quantum computers for efficient pattern recognition in data.",281,77.87
"Paper 5 Summary:
Extracting structured text from PDF...
Structured text saved to structured_paper.txt
Generating summary...
--- Summary of the Research Paper ---","1. Detailed Breakdown in Simple Terms: The authors present a novel deep learning model for understanding complex sentences with long-distance dependencies, focusing on the attention mechanism. This mechanism allows the model to selectively focus on specific words within a sentence during processing, aiding in tasks such as anaphora resolution (referring back to earlier mentioned entities) and understanding sentences with distant dependencies. The authors provide visualizations of the attention mechanism in action.
2. Key References and Relation to Work: The work builds upon several key references related to deep learning models for natural language processing, including ""Attention Is All You Need"" by Vaswani et al., which introduced the Transformer model with self-attention layers; ""Neural Machine Translation by Jointly Learning to Align and Translate"" by Bahdanau et al.; and ""Longer, Longer, Longer Deep Convolutional Networks for Language Modelling"" by Zhang et al.
3. Improvement upon Existing Literature: Compared to previous deep learning models, this work focuses specifically on understanding long-distance dependencies in sentences. By using self-attention layers, the model can more effectively process long sequences without significant computational overhead. Additionally, the authors provide visualizations of the attention mechanism, which can help in better understanding how the model processes and understands different parts of a sentence.
4. Methodology: The authors use a deep learning Transformer model with six self-attention layers to process input sentences. They train the model on various tasks, such as text classification and sentence completion, with the primary focus being on understanding long-distance dependencies in sentences. The authors also provide visualizations of the attention mechanism at different layers of the model.
5. Main Results and Conclusions: The results show that the proposed deep learning Transformer model is effective in understanding complex sentences with long-distance dependencies, as evidenced by its performance on various tasks. Visualizations of the attention mechanism provide insights into how the model processes and understands different parts of a sentence, including anaphora resolution and understanding distant dependencies. The authors suggest that their work can have practical applications in improving natural language processing systems for tasks such as machine translation and question answering.",344,90.54
"Paper 6 Summary:
Extracting structured text from PDF...
Structured text saved to structured_paper.txt
Generating summary...
--- Summary of the Research Paper ---","1. Detailed Breakdown: This abstract discusses a research paper about BERT (Bidirectional Encoder Representations from Transformers), a popular language model developed by Google. The authors explore various aspects of the pre-training process of BERT, including the impact of different masking strategies and the number of pre-training steps on fine-tuning accuracy. They also compare the performance of BERT with Left-to-Right (LTR) pre-training, another language model.
2. Key References:
- The authors mention ""Section 3.1"" for discussing the mixed strategy used in BERT for masking target tokens during pre-training.
- They refer to ""Section 5.3"" for using a feature-based approach, where they concatenate the last four layers of BERT as features.
3. Improvement on Existing Literature: The authors aim to address the question of whether BERT needs such a large amount of pre-training and if masked language model (MLM) pre-training converges slower than LTR pre-training. They demonstrate that BERT indeed achieves higher fine-tuning accuracy with more pre-training steps and that MLM does converge, although slightly slower than LTR.
4. Methodology: The authors pre-train BERT using the masked language model objective and explore different masking strategies (masking tokens, replacing them with a random token, or keeping them as is). They also compare the performance of BERT with LTR pre-training. After pre-training, they fine-tune the models on various downstream tasks, such as Natural Language Inference (NLI) and Named Entity Recognition (NER), to evaluate their effectiveness.
5. Main Results and Conclusions: The authors find that fine-tuning is surprisingly robust to different masking strategies. However, using only the ""Mask"" strategy was problematic when applying the feature-based approach to NER. They also demonstrate that BERT achieves almost 1.0% additional accuracy on MNLI when trained for one million steps compared to five hundred thousand steps, and MLM pre-training converges slightly slower than LTR but eventually outperforms it in terms of absolute accuracy. These findings contribute to a better understanding of the effectiveness and potential improvements of BERT.",319,94.4
"Paper 7 Summary:
Extracting structured text from PDF...
Structured text saved to structured_paper.txt
Generating summary...
--- Summary of the Research Paper ---","1. Detailed Breakdown: This article discusses the use of graph neural networks (GNNs), a type of deep learning model, for analyzing data that is not in a traditional Euclidean space but rather represented as graphs with complex interdependencies between objects. The authors review recent research on extending deep learning approaches to work with such graph data, which has been challenging due to the complexity of these structures.
2. Key References and Relation: The article mentions various studies and works that have contributed to the development of GNNs for analyzing non-Euclidean data. Some key references include:
- Vertex CNN (V-CNN) (Bruna et al., 2014)
- Graph Convolutional Networks (GCNs) (Kipf & Welling, 2017)
- Message Passing Neural Networks (MPNN) (Gilmer et al., 2017)
- GraphSAGE (Hamilton et al., 2018)
- Graph Attention Networks (GAT) (Veličković et al., 2018)
- Graph Isomorphism Networks (GIN) (Xu et al., 2018)
These works provide the foundation for GNN research and have significantly advanced the field.
3. Improvement Upon Existing Literature: The authors of this survey aim to provide a comprehensive overview of existing GNN models, their architectures, and their applications. They also discuss the challenges faced when working with graph data and suggest directions for future research to address these challenges.
4. Methodology: The article presents an overview of various GNN models, their architectures, and their applications in different domains such as social networks, protein-protein interaction networks, and spatial-temporal graphs. They discuss the key elements common among these models, their strengths, weaknesses, and potential for further improvement.
5. Main Results and Conclusions: The authors conclude that GNNs have shown promising results in handling complex graph data and have the potential to revolutionize many machine learning tasks. However, they also highlight several challenges, such as scalability and interpretability, that need to be addressed for wider adoption of these models. They suggest that future research should focus on developing more efficient algorithms and methods for analyzing large-scale graphs while preserving their structure and maintaining interpretability.",328,102.79
"Paper 8 Summary:
Extracting structured text from PDF...
Structured text saved to structured_paper.txt
Generating summary...
--- Summary of the Research Paper ---","1. Detailed Breakdown of the Abstract:
The abstract introduces a problem in machine learning where the training data and future data may not be similar in terms of their feature space or distribution. In such cases, knowledge transfer (transfer learning) is useful for improving performance without requiring extensive data labeling. The focus of this survey is on discussing recent advancements in transfer learning methods for classification, regression, and clustering problems.
2. Key References and Their Relation to This Work:
- [Shi et al., 2008] (ECML/PKDD ’08): ""Actively Transfer Domain Knowledge"" explores actively transferring domain knowledge from one domain to another in a machine learning context.
- [Kuhlmann & Stone, 2007] (European Conf. Machine Learning): ""Graph-Based Domain Mapping for Transfer Learning in General Games"" proposes a graph-based method for mapping domains to facilitate transfer learning in general games.
- [Dai et al., 2008] (Ann. Conf. Neural Information Processing Systems, 2008): ""Translated Learning"" discusses translating knowledge from one domain to another by learning a transformation function.
- [Li et al., 2009] (26th Int’l Conf. Machine Learning, June 2009): ""Transfer Learning for Collaborative Filtering via a Rating-Matrix Generative Model"" and ""Can Movies and Books Collaborate? Cross-Domain Collaborative Filtering for Sparsity Reduction"" explore transfer learning applications in collaborative filtering problems.
3. How This Work Improves Upon Existing Literature:
The survey provides an overview of the current state of transfer learning research, categorizing it into classification, regression, and clustering problems. By doing so, the authors aim to provide a comprehensive guide for researchers in this field, summarizing key advancements and highlighting opportunities for further research.
4. Concise Summary of Methodology Used:
The methodology used by the authors primarily consists of literature review, categorization, and discussion of current transfer learning methods for classification, regression, and clustering problems. They examine various approaches in each category, discuss their strengths and weaknesses, and explore potential applications and future research directions.
5. Main Results and Conclusions:
The survey finds that transfer learning has been applied successfully to various real-world problems, such as image recognition, natural language processing, and recommendation systems. The authors suggest that further research is needed in several areas, including domain adaptation techniques, multi-task learning methods, and more efficient ways to learn the transformation functions necessary for transferring knowledge across domains. The survey concludes by emphasizing the importance of understanding the underlying assumptions and limitations of existing transfer learning approaches in order to achieve better performance in practical applications.",401,116.08
"Paper 9 Summary:
Extracting structured text from PDF...
Structured text saved to structured_paper.txt
Generating summary...
--- Summary of the Research Paper ---","1. Detailed Breakdown in Simple Terms:
This work is about the detection of gravitational waves, which are ripples in spacetime caused by massive objects accelerating or colliding, such as black holes and neutron stars. The authors report the detection of a specific set of gravitational waves (GW170814) from the collision of two black holes. The event occurred on August 14, 2017, and was observed by the Laser Interferometer Gravitational-Wave Observatory (LIGO) and the Virgo detector.
2. Key References and Their Relation to This Work:
The paper references previous works that have led to the development of advanced gravitational wave detectors like LIGO and Virgo, including the first detection of gravitational waves by LIGO in 2015 (GW150914). The authors also cite papers describing the theoretical predictions for the merger of black hole binaries and the expected gravitational wave signals they would produce.
3. Improvement Upon Existing Literature:
The authors' work significantly contributes to the field by providing more evidence for the existence of gravitational waves and the detection of binary black hole systems. This observation helps us understand the properties of these objects, such as their masses and spins, and offers new insights into general relativity and the behavior of black holes.
4. Methodology Used:
The researchers used advanced laser interferometry techniques to detect gravitational waves at LIGO's Hanford and Livingston sites in Washington State and Louisiana, respectively, and Virgo's site in Cascina, Italy. They analyzed the data from these detectors, cross-checked their results with each other, and compared them to theoretical models of binary black hole mergers to confirm the detection.
5. Main Results and Conclusions:
The main result is the successful detection of GW170814 on August 14, 2017. The analysis reveals that the black holes involved in the collision had masses of approximately 36 and 29 solar masses (Mₛ) and were orbiting each other at a speed of about 55 km/s when they merged into a single black hole with a mass of around 62 Mₛ. The detected gravitational wave signals provide insights into the dynamics of binary black hole mergers, allowing us to test our theories of gravity more accurately. The findings also demonstrate the effectiveness and sensitivity of advanced gravitational wave detectors like LIGO and Virgo in observing such events.",373,104.39
"Paper 10 Summary:
Extracting structured text from PDF...
Structured text saved to structured_paper.txt
Generating summary...
--- Summary of the Research Paper ---","1. Detailed Breakdown (in simple terms):
This work is about developing a system that efficiently stores and retrieves large datasets of high-dimensional vectors using different techniques such as inverted files, graph-based indexing, and quantization. The system includes several types of indexes like Inverted File Indexes, Graph Indexes, Fast Scan Indexes, and Coarse Quantizers. Each index type has its strengths in terms of speed, memory usage, or accuracy. The vectors are processed using different methods like PCA (Principal Component Analysis) and OPQ (Orthogonal PCA) to reduce dimensionality before storing them.
2. Key References and Relation to Existing Literature:
This work builds upon existing research in the field of data indexing and vector space models, specifically focusing on high-dimensional datasets. Some key references include ""An Efficient Algorithm for Approximate Nearest Neighbor Search"" by Indyk (1989), ""Hierarchical Navigable Small World Graphs: A Scalable Algorithm for Nearest Neighbor Searches and Applications"" by Beis, Indyk, Klartag & Shi (2008), and ""A Survey on Dimensionality Reduction Techniques"" by Tenenbaum et al. (2000). The work improves upon existing literature by offering a comprehensive set of index types that cater to various use cases, as well as providing optimizations for faster search times.
3. Improvement upon Existing Literature:
The proposed system aims to address some limitations in existing methods by providing a more flexible and adaptable solution for handling high-dimensional datasets. The system allows users to choose the most suitable index type based on their specific requirements, such as speed, memory usage, or accuracy. Furthermore, the use of quantization techniques reduces the storage requirement significantly, making it more practical for handling large datasets.
4. Methodology Used:
The methodology used in this work involves several stages. First, high-dimensional datasets are preprocessed using dimensionality reduction methods like PCA and OPQ to make them manageable. Then, the processed vectors are indexed using one or more of the available index types (Inverted File Indexes, Graph Indexes, Fast Scan Indexes, Coarse Quantizers). The performance of each index type is evaluated in terms of search time, memory usage, and accuracy. Additionally, various optimizations are made to improve the efficiency of the system.
5. Main Results and Conclusions:
The main results show that the proposed system offers significant improvements in terms of search times, memory usage, and accuracy compared to existing methods when dealing with high-dimensional datasets. The system's flexibility allows users to choose the best index type for their specific use case. Furthermore, the use of quantization techniques reduces the storage requirement substantially, making it practical for handling large datasets. In conclusion, this work presents a powerful tool for managing and analyzing high-dimensional datasets efficiently.",431,114.88
"Paper 11 Summary:
Extracting structured text from PDF...
Structured text saved to structured_paper.txt
Generating summary...
--- Summary of the Research Paper ---","1. Detailed Breakdown of the Abstract (in simpler terms): This work describes a guide for creating Retrieval Augmented Generation (RAG) systems, which are designed to make large language models more accurate by connecting their responses with real-time, relevant information. The guide uses PDF documents as the data source and offers code snippets and examples, helping developers avoid common mistakes and ensure their RAG systems retrieve pertinent information and generate precise, fact-based responses.
2. Key References and Their Relation to This Work:
- Arampatzis et al., ""Pseudo relevance feedback optimization"" (Information Retrieval Journal): The authors focus on the concept of pseudo relevance feedback, which is essential in RAG systems for improving their performance by incorporating user feedback.
- Chowdhury et al., ""Cross-lingual and multimodal retrieval-augmented generation models"" (IEEE Transactions on Multi-media): The authors explore cross-lingual and multimodal capabilities in RAG systems, making them more versatile for a wide range of tasks.
- Lewis et al., ""Retrieval-augmented generation for knowledge-intensive nlp tasks"" (Advances in Neural Information Processing Systems): The authors present a method for using RAG to improve the performance of large language models on knowledge-intensive NLP tasks.
- Liang et al., ""Best practices for training large language models: Lessons from the field"" (IEEE Transactions on Neural Networks and Learning Systems): The authors discuss best practices for training large language models, which is crucial in RAG systems as they rely heavily on these models.
- Xiong et al., ""Knowledge-enhanced language models for information retrieval and beyond"" (IEEE Transactions on Knowledge and Data Engineering): The authors investigate the integration of knowledge graphs with language models to enhance their factual accuracy, a key component in RAG systems.
3. Improvement Upon Existing Literature: This work goes beyond existing literature by offering clear, practical guidance for developing RAG systems. It covers aspects like handling complex PDFs and extracting useful text, which are often overlooked in previous studies. Moreover, it provides examples of using proprietary APIs like OpenAI’s GPT and open-source models like Llama 3.1, allowing developers to choose the best tools for their specific needs.
4. Methodology: The methodology used in this work involves providing a step-by-step guide on creating RAG systems using PDF documents as the data source. It offers examples and code snippets to help developers implement these systems effectively. Additionally, it explores various options available for developing RAG systems, such as proprietary APIs and open-source models.
5. Main Results and Conclusions: The main results of this work show that by following the recommendations in this guide, developers can create RAG systems that retrieve relevant information and generate accurate, fact-based responses. Furthermore, the conclusions highlight that technology advancements in adaptive learning, multi-modal capabilities, and retrieval methods will make RAG systems increasingly crucial in industries like healthcare, legal research, and technical documentation. This guide offers a solid foundation for optimizing RAG systems and extending the potential of generative AI in practical applications.",477,124.9
"Paper 12 Summary:
Extracting structured text from PDF...
Structured text saved to structured_paper.txt
Generating summary...
--- Summary of the Research Paper ---","1. Detailed Breakdown in Simple Terms:
The abstract discusses a research that focuses on improving the speed and efficiency of search algorithms for high-dimensional data, specifically for finding similar vectors quickly. The authors propose a new method called ""ScaNN"" (Scalable Nearest Neighbor search) that uses a hierarchical approach to navigate through small world graphs, making it faster and more memory efficient than existing methods.
2. Key References and How They Relate to This Work:
- [34] Sanchez and Perronnin (2011): This work discusses high-dimensional signature compression for large-scale image classification, which is related as both works deal with high-dimensional data.
- [35] ""Announcing ScaNN"": This refers to the announcement of Google's ScaNN, a scalable nearest neighbor search system that was developed concurrently and serves as a comparison point for this research.
- [36] Iwasaki and Miyazaki (2018): This work focuses on optimizing indexing based on k-Nearest Neighbor Graph for proximity search in high-dimensional data, which is related to the problem addressed in this research.
- [37] Malkov and Yashunin (2020): This paper discusses efficient and robust approximate nearest neighbor search using hierarchical navigable small world graphs, which is similar to the approach used in this research.
3. How This Work Improves Upon Existing Literature:
The proposed ScaNN method improves upon existing literature by offering a more scalable and memory-efficient solution for high-dimensional data. It achieves this by using a hierarchical approach that reduces the search space, making it faster than other methods like HNSW (Hierarchical Navigable Small World Graphs) and Nystrom approximations.
4. Concise Summary of Methodology Used:
The authors develop ScaNN, which is a scalable nearest neighbor search system that uses a hierarchical approach to navigate through small world graphs. It first builds a compact representation of the data using t-SNE (t-Distributed Stochastic Neighbor Embedding) or UMAP (Uniform Manifold Approximation and Projection), then creates a small world graph by connecting nearby points. This graph is hierarchically divided into smaller subgraphs, allowing for more efficient navigation during the search process.
5. Main Results and Conclusions:
The main results show that ScaNN outperforms existing methods like HNSW, Nystrom approximations, and Google's ScaNN in terms of query time and memory usage for high-dimensional data. The authors conclude that ScaNN offers a practical solution for scalable nearest neighbor search problems and can be useful in various applications such as image retrieval, recommendation systems, and more.",392,112.98
"Paper 13 Summary:
Extracting structured text from PDF...
Structured text saved to structured_paper.txt
Generating summary...
--- Summary of the Research Paper ---","1. Detailed Breakdown: Retrieval-Augmented Generation (RAG) is a technique that helps large language models generate more accurate answers by using external knowledge sources. This reduces the chances of the model producing inaccurate or false information, known as ""hallucinations"". However, evaluating RAG systems remains challenging due to issues such as limited data diversity, difficulty in locating where problems occur in the system, and instability in retrieval evaluation. To address these challenges, this study proposes a comprehensive framework called CoFE-RAG for thorough evaluation across all stages of the RAG pipeline (chunking, retrieval, reranking, and generation). To evaluate the first three phases effectively, multi-granularity keywords are introduced to assess the context retrieved instead of relying on golden chunks. Additionally, a holistic benchmark dataset is released to cover various data scenarios and query types.
2. Key References: This work relates to studies in the field of RAG systems, specifically those addressing evaluation challenges such as limited data diversity (not explicitly mentioned) and obscure problem location. The proposed CoFE-RAG framework aims to improve upon existing evaluation methods by providing a comprehensive approach for assessing all stages of RAG systems.
3. Improvement upon Existing Literature: By introducing multi-granularity keywords, the study aims to address the issue of limited data diversity and instability in retrieval evaluation. The proposed CoFE-RAG framework offers a more effective method for evaluating RAG systems across the entire pipeline, helping researchers better understand where problems occur and how they can be addressed.
4. Methodology: The study proposes the CoFE-RAG framework, which includes multi-granularity keywords (coarse-grained and fine-grained) to assess the context retrieved instead of relying on golden chunks. Additionally, a benchmark dataset tailored for diverse data scenarios is released to facilitate thorough evaluation of RAG systems.
5. Main Results and Conclusions: The study demonstrates the utility of the CoFE-RAG framework by conducting experiments that evaluate each stage of RAG systems, providing insights into where problems occur and offering potential solutions. By addressing these challenges, researchers can develop more effective RAG systems that generate accurate and reliable answers.",334,92.75
"Paper 14 Summary:
Extracting structured text from PDF...
Structured text saved to structured_paper.txt
Generating summary...
--- Summary of the Research Paper ---","1. Detailed Breakdown:
Large Language Models (LLMs) are powerful but can have issues like providing incorrect information, outdated facts, and untraceable reasoning processes. Retrieval-Augmented Generation (RAG) is a promising solution that combines LLM's inherent knowledge with external databases to improve accuracy for knowledge-intensive tasks and allow continuous updates of knowledge. The paper provides an overview of the evolution of RAG methods, which includes Naive RAG, Advanced RAG, and Modular RAG.
2. Key References:
- [174] J. Li et al., ""Scaling Laws for Training Scale-Invariant Transformers,"" arXiv preprint arXiv:2006.15683 (2020). This work lays the foundation for understanding the capabilities and limitations of LLMs.
- [176] M. Yasunaga et al., ""Retrieval-augmented multi-modal language modeling,"" arXiv preprint arXiv:2211.12561 (2022). This work demonstrates the effectiveness of combining LLMs with retrieval in multi-modal tasks like video captioning.
- [175] U. Alon et al., ""Neuro-symbolic language modeling with automaton-augmented retrieval,"" in International Conference on Machine Learning (2022). This work explores the use of automata in conjunction with retrieval for LLMs.
3. Improvement upon Existing Literature:
This paper offers a comprehensive review, summarizing various RAG paradigms and their components to provide a clear understanding of the current state-of-the-art research in this field. It discusses the advantages of using RAG approaches, as well as challenges that still need to be addressed, such as improving retrieval accuracy, ensuring efficient data storage, and minimizing latency during retrieval.
4. Methodology:
The paper presents an organized structure for examining the evolution of RAG paradigms, discussing each stage in detail. It reviews the fundamental components of a typical RAG framework—retrieval, generation, and augmentation techniques—and discusses their significance for enhancing the performance of LLMs in knowledge-intensive tasks.
5. Main Results & Conclusions:
The paper provides insights into the progress made in the field of RAG over the years, highlighting both the successes and challenges associated with each stage of development. It identifies areas that require further exploration to advance RAG techniques and improve their practical applications for various tasks. The authors conclude by emphasizing the importance of continuous research in this area to unlock the full potential of LLMs and enable them to provide accurate, credible, and transparent information across a wide range of domains.",361,112.75
"Paper 15 Summary:
Extracting structured text from PDF...
Structured text saved to structured_paper.txt
Generating summary...
--- Summary of the Research Paper ---","1. Detailed Breakdown: This study presents a computational method for predicting protein structures using deep learning, specifically a multi-task neural network called AlphaFold2. The researchers trained the model using data from the Protein Data Bank (PDB) and tested it on a benchmark set of proteins (CASP14). They also demonstrate its accuracy by comparing predictions with experimental structures from the PDB for various proteins.
2. Key References: The work builds upon prior research in deep learning for protein structure prediction, specifically AlphaFold v1. It also references the CASP14 benchmark set used to evaluate the model's performance. For constructing and refining the network architecture, the authors cite various papers related to deep learning techniques and neural networks.
3. Improvement over Existing Literature: The authors claim that their method significantly outperforms previous state-of-the-art methods for protein structure prediction, as demonstrated by its high accuracy on the CASP14 benchmark set.
4. Methodology Overview: The researchers used a deep learning approach called AlphaFold2, which is based on a multi-task neural network architecture. They trained the model using data from the PDB and tested it on the CASP14 benchmark set. Additionally, they compared the predicted structures with experimental structures from the PDB for various proteins to demonstrate the model's accuracy.
5. Main Results and Conclusions: The results show that AlphaFold2 significantly outperforms previous methods for protein structure prediction, as demonstrated by its high accuracy on the CASP14 benchmark set. The authors also provide several examples of predicted structures that are in close agreement with experimental structures from the PDB. These findings could help advance our understanding of protein structures and their functions.",266,77.79
