filename,pdf_size_kb,num_pages,original_word_count,summary_word_count_gemma3,model_used,summarization_time_sec,summary_text,rouge1_fmeasure,rouge2_fmeasure,rougeL_fmeasure,bertscore_precision,bertscore_recall,bertscore_f1,bertscore_avg
paper1.pdf,803.05,23,23064,715,gemma3,141.07,"Okay, here’s a breakdown of the provided list of research articles, categorized for easier understanding. This is a comprehensive overview, highlighting key areas and findings.

**I. Autism Spectrum Disorder (ASD) – General & Neurophysiological Studies**

*   **Zürcher, N.R., et al. (2015).** A systematic review of molecular imaging (PET and SPECT) in autism spectrum disorder: current state and future research opportunities. *Neurosci. Biobehav. Rev. 52*, 56–73. – This review focuses on the use of PET and SPECT imaging in ASD research, outlining current applications and potential future directions. It highlights the need for more sophisticated imaging techniques to understand the underlying neurobiological mechanisms of the disorder.
*   **Yamasaki, T., et al. (2011).** Electrophysiological evidence for selective impairment of optic flow perception in autism spectrum disorder. *Res. Autism Spectr. Disord. 5*, 400–407. – This study investigated how individuals with ASD process optic flow (the visual perception of movement), finding impairments that suggest differences in visual processing.
*   **Webb, S.J., et al. (2010).** Response to familiar faces, newly familiar faces, and novel faces as assessed by ERPs is intact in adults with autism spectrum disorders. *Int. J. Psychophysiol. 77*, 106–117. – This research used electroencephalography (EEG) to examine how adults with ASD respond to different types of faces, revealing intact ERP responses to familiar and novel faces, but differences in responses to newly familiar faces.
*   **Webb, S.J., et al. (2012).** ERP responses differentiate inverted but not upright face processing in adults with ASD. *Soc. Cogn. Affect. Neurosci. 7*, 578–587. – This study used ERPs to demonstrate that individuals with ASD exhibit differences in processing inverted faces, suggesting a potential disruption in visual processing mechanisms.

**II. ADHD & Inhibitory Control**

*   **Woltering, S., et al. (2013).** Neurophysiological differences in inhibitory control between adults with ADHD and their peers. *Neuropsychologia 51*, 1888–1895. – This research used ERPs to identify neurophysiological differences in inhibitory control between adults with ADHD and healthy controls, providing insights into the neural basis of this core symptom.

**III. Face Processing & ERP Studies**

*   **Wessel, J.R. (2012).** Error awareness and the error-related negativity: evaluating the first decade of evidence. *Front. Hum. Neurosci. 6*. – This review discusses the error-related negativity (ERN) – an ERP component associated with error detection – and its relevance to understanding cognitive processes in ASD and other disorders.
*   **Yamasaki, T., et al. (2011).** Electrophysiological evidence for selective impairment of optic flow perception in autism spectrum disorder. *Res. Autism Spectr. Disord. 5*, 400–407. – This study found impairments in optic flow perception, suggesting differences in visual processing.
*   **Zürcher, N.R., et al. (2015).** A systematic review of molecular imaging (PET and SPECT) in autism spectrum disorder: current state and future research opportunities. *Neurosci. Biobehav. Rev. 52*, 56–73. – This review discusses the use of PET and SPECT imaging in ASD research, outlining current applications and potential future directions.

**IV.  General Neurophysiological Research (Relevant to ASD)**

*   **Wessel, J.R. (2012).** Error awareness and the error-related negativity: evaluating the first decade of evidence. *Front. Hum. Neurosci. 6*. – This review discusses the error-related negativity (ERN) – an ERP component associated with error detection – and its relevance to understanding cognitive processes in ASD and other disorders.

**V.  Methodological/Systematic Review**

*   **Welch, V., et al. (2012).** PISMA- Equity 2012 extension: reporting guidelines for systematic reviews with a focus on health equity. *PLoS Med. 9*. – This article provides guidelines for conducting systematic reviews with a focus on health equity, emphasizing the importance of considering diverse populations and potential biases.



**Key Themes & Connections**

*   **ERP Studies:** A significant portion of the research utilizes electroencephalography (EEGs) and event-related potentials (ERPs) to investigate differences in brain activity patterns in individuals with ASD.
*   **Visual Processing:** There's a strong focus on visual processing, particularly face processing and optic flow perception, suggesting potential disruptions in these areas.
*   **Error Detection:** The error-related negativity (ERN) is a recurring theme, highlighting the potential difficulties individuals with ASD may have in detecting and responding to errors.
*   **Methodological Rigor:** The inclusion of a systematic review emphasizes the importance of robust research methodologies.

---

Do you want me to delve deeper into any specific aspect of these articles, such as:

*   A particular research finding?
*   The methodology used in a specific study?
*   The implications of the research for understanding ASD?",0.4172825469016487,0.10586226522481504,0.15235929505400797,0.8156289458274841,0.828934907913208,0.8222280740737915,0.8222639759381613
paper2.pdf,518.05,9,4780,499,gemma3,97.16,"Okay, here's a breakdown of the provided text, categorized for clarity and highlighting key aspects:

**I. Core Concept & Methodology**

*   **Adversarial Autoencoders (AAEs):** The central idea is to train an autoencoder where the encoder and decoder are *adversarial*. The encoder tries to compress data into a latent space, and the decoder tries to reconstruct the original data from that latent representation. The key difference from standard autoencoders is the adversarial component.
*   **Adversarial Training:** The encoder and decoder are trained against each other. The decoder tries to fool the encoder by generating data that looks like the original, while the encoder tries to accurately represent the data.
*   **Latent Space:** The compressed representation learned by the encoder is the ""latent space."" This space is intended to capture the most important features of the data.

**II. Technical Details & Components**

*   **Encoder:**  The part of the network that compresses the input data into the latent space.
*   **Decoder:** The part of the network that reconstructs the original data from the latent representation.
*   **Loss Functions:**
    *   **Reconstruction Loss:** Measures how well the decoder can reconstruct the original data. (Likely Mean Squared Error or similar)
    *   **Adversarial Loss:**  This is the crucial element. It’s a loss function that encourages the encoder to produce latent representations that are difficult for the decoder to reconstruct.  This is often implemented using a discriminator network.
*   **Discriminator (Implied):**  A network (likely a neural network) that tries to distinguish between real data and data generated by the decoder.  The adversarial loss is based on the discriminator's output.

**III.  Key Research & References**

*   **Original Paper(s):** The text heavily references the work of Goodfellow et al. (2014) – the seminal paper introducing AAEs.
*   **Related Work:**  The text mentions several other influential papers and researchers:
    *   Hinton et al. (2014) –  Related work on autoencoders and generative models.
    *   Kingma & Welling (2013) –  Work on Variational Autoencoders (VAEs), which are closely related.
    *   LeCun et al. (1998) –  Early work on autoencoders.
    *   Smolenky (2014) -  Work on adversarial autoencoders.
    *   Rifai et al. (2015) -  Further development of AAEs.

**IV.  Implementation & Resources**

*   **Pylearn2:**  A machine learning library (developed by Sebastian Ruder and others) used for implementing and experimenting with AAEs.
*   **Theano:** A library for numerical computation (now largely superseded by TensorFlow or PyTorch).
*   **Compute Canada & Calcul Qu´ebec:**  Resources for high-performance computing.

**V.  Overall Goal**

The overarching goal of using AAEs is to learn a compressed, meaningful representation of data that can be used for various downstream tasks, such as:

*   **Generative Modeling:**  Sampling from the latent space to generate new data samples.
*   **Dimensionality Reduction:**  Creating a lower-dimensional representation of the data.
*   **Anomaly Detection:** Identifying unusual data points based on their reconstruction error.

---

**To help me provide even more targeted information, could you tell me:**

*   What specifically are you interested in learning about AAEs? (e.g., the math behind them, how to implement them, their applications, etc.)",0.41566746602717825,0.10568454763811047,0.15347721822541965,0.8193448781967163,0.8378872871398926,0.8285123705863953,0.8285815119743347
paper3.pdf,800.18,12,9927,454,gemma3,100.81,"Okay, here's a breakdown of the provided text, focusing on key information and organized for clarity. This is a detailed summary of the research described in the text.

**I. Overview & Methodology**

*   **Goal:** The research focuses on object detection and localization within the ImageNet dataset. The primary objective is to achieve state-of-the-art performance.
*   **Framework:** The core of the system is built around a Faster R-CNN architecture, but with significant modifications and enhancements.
*   **Key Innovations:** The research introduces a per-class RoI-pooling and RoI-align approach, which is crucial for achieving high accuracy.

**II. Detailed Components & Techniques**

1.  **Per-Class RoI-Pooling/RoI-Align:**
    *   This is a central element. Instead of using a single, fixed RoI-pooling operation, the system uses a separate RoI-pooling/RoI-align operation *for each class*. This allows the network to learn class-specific features for each region of interest (RoI).
    *   RoI-align is used to handle cases where the RoI partially overlaps with the object, providing more accurate feature extraction.

2.  **Faster R-CNN Architecture:**
    *   The system utilizes Faster R-CNN, which combines a Region Proposal Network (RPN) and a detection network.
    *   The RPN generates potential object bounding boxes.
    *   The detection network classifies these boxes and refines their bounding box coordinates.

3.  **Training Strategy:**
    *   **Data Augmentation:** Random cropping of 224x224 images is used for data augmentation.
    *   **Mini-Batch Training:** Training is performed using mini-batches of 256 images.
    *   **Anchor Boxes:** Multiple translation-invariant anchor boxes are randomly sampled for each image.

**III. Performance Results & Comparisons**

*   **ImageNet Object Detection (ILSVRC 2015):**
    *   **Single Model (ResNet-101):**
        *   Top-5 Localization Error: 10.6% (using R-CNN)
        *   Top-5 Classification Error: 4.6%
        *   Top-5 Localization Error (with ensemble): 9.0%
    *   **Comparison to State-of-the-Art:** The results significantly outperform previous methods (ILSVRC 2014).
    *   **Comparison to VGG:** The system achieves a 64% relative reduction in localization error compared to VGG.

*   **Comparison with other methods:**
    *   **Overfeat:**  The system achieves a 29% reduction in localization error compared to Overfeat.
    *   **GoogLeNet:** The system achieves a 27% reduction in localization error compared to GoogLeNet.

**IV. Key Observations & Justification for Success**

*   **Class-Specific Feature Learning:** The per-class RoI-pooling/RoI-align is the key factor. It allows the network to learn features that are specifically tailored to each object class, leading to more accurate detection and localization.
*   **RoI-Centric Approach:** The use of RoI-align is crucial for handling partial overlaps, which is common in object detection scenarios.

**V.  Important Notes**

*   **R-CNN vs. Fast R-CNN:** The research uses the RoI-centric R-CNN approach, which is more robust than the image-centric Fast R-CNN.

---

**To help me tailor the response further, could you tell me:**

*   What specifically are you interested in learning about this research? (e.g., a particular technique, the overall architecture, the results, etc.)",0.3386581469648562,0.07840000000000001,0.14376996805111825,0.8040559887886047,0.822628915309906,0.8132364153862,0.8133071064949036
paper4.pdf,534.24,24,10105,427,gemma3,76.21,"Okay, here's a breakdown of the provided text, focusing on key points and potential areas for further exploration.

**Overall Theme:** The text introduces the burgeoning field of Quantum Machine Learning (QML) and highlights the potential for quantum computers to surpass classical computers in machine learning tasks. It acknowledges the significant challenges but also points to emerging pathways.

**Key Points & Arguments:**

* **Motivation:** The core argument is that quantum systems inherently produce patterns that are difficult or impossible for classical systems to efficiently generate. This suggests a natural advantage for quantum computers in machine learning.
* **Historical Context:** The text briefly references the historical drive to find patterns in data, setting the stage for the modern application of machine learning.
* **Concrete Progress:** It emphasizes that while the field is still in its early stages, there's been concrete progress in developing quantum software.
* **Acknowledging Challenges:** The text doesn't shy away from the substantial hurdles:
    * **Hardware Limitations:** Quantum computers are currently limited in terms of qubit count, coherence times, and error rates.
    * **Software Development:** Designing and implementing quantum algorithms for machine learning is a complex undertaking.

**Structure & Content Breakdown:**

* **Abstract:**  Provides a concise summary of the entire text's purpose and main points.
* **Introduction:** Sets the stage for the discussion, establishing the motivation for QML and the potential for quantum computers to outperform classical systems.

**Potential Areas for Further Exploration (Based on the Text):**

* **Specific Quantum Algorithms:** The text doesn't detail any particular quantum machine learning algorithms.  Researching algorithms like:
    * **Quantum Support Vector Machines (QSVMs)**
    * **Quantum Principal Component Analysis (qPCA)**
    * **Quantum Neural Networks**
    would be a logical next step.
* **Hardware Technologies:**  The text mentions hardware limitations.  Investigating the different types of quantum computers (e.g., superconducting qubits, trapped ions, photonic qubits) and their respective strengths and weaknesses is crucial.
* **Error Correction:** Quantum systems are extremely sensitive to noise, leading to errors.  Researching quantum error correction techniques is vital for building reliable QML systems.
* **Resource Analysis:** The text hints at the need for resource analysis. This involves quantifying the resources (e.g., number of qubits, gate operations) required to implement a QML algorithm.

**Overall Impression:**

The text provides a good introductory overview of Quantum Machine Learning. It’s a promising field with significant potential, but it’s important to recognize that it’s still in its early stages of development.

---

Do you want me to:

*   Expand on any of these points?
*   Suggest specific research areas to investigate further?
*   Generate a more detailed outline of a potential QML project?",0.42808798646362095,0.1288135593220339,0.1878172588832487,0.8385696411132812,0.8541905283927917,0.8463079333305359,0.8463560342788696
paper5.pdf,2163.32,15,6615,549,gemma3,98.84,"Okay, here's a breakdown of the provided text, focusing on the key elements and potential improvements:

**Overall Assessment:**

The text is a descriptive explanation of a complex topic – likely the workings of a neural machine translation system, specifically highlighting the role of “attention” mechanisms. It’s attempting to illustrate how these mechanisms can capture long-range dependencies and potentially handle nuanced linguistic features like anaphora (referring back to previously mentioned entities). However, the writing is somewhat dense and could benefit from clearer explanations and more illustrative examples.

**Key Elements & Breakdown:**

*   **Core Concept:** The text is explaining the “attention” mechanism in neural machine translation. Attention allows the model to focus on the most relevant parts of the input sentence when generating the output.
*   **Long-Range Dependencies:** The text correctly identifies that attention is crucial for handling relationships between words that are far apart in a sentence.
*   **Anaphora:** The text correctly points out that attention heads can learn to resolve anaphoric relationships (e.g., “its” referring back to a previously mentioned noun).
*   **Visualization:** The text emphasizes the importance of visualizing attention weights to understand how the model is processing the sentence.  The color-coded heads are a key element.

**Suggestions for Improvement:**

1.  **Simplify Explanations:** The explanations are currently quite technical. Consider replacing phrases like ""encoder self-attention"" with more accessible language. For example: ""The model uses a mechanism called 'attention' to focus on the most important parts of the input sentence.""

2.  **More Concrete Examples:** The text mentions anaphora but doesn’t provide a clear example. Adding a simple sentence with an anaphoric reference would greatly improve understanding.  For example: ""The dog chased the ball. It was *its* favorite toy.""  Then, show how the attention heads would focus on ""its"" when generating the translation.

3.  **Expand on Visualization:**  Elaborate on *why* visualizing attention weights is important.  For example: ""By examining the attention weights, we can see which words the model is prioritizing when generating the translation.  This helps us understand the model's reasoning.""

4.  **Clarify the ""heads""**: The term ""heads"" is used repeatedly.  It's referring to the different attention modules within the model.  Consider using a more descriptive term like ""modules"" or ""sub-networks"" to avoid confusion.

5.  **Flow and Structure:** The text feels somewhat disjointed. Consider adding transitional phrases (e.g., ""Furthermore,"" ""In addition,"" ""Similarly"") to connect the ideas more smoothly.

**Revised Example Snippet (Illustrative):**

“The model uses a mechanism called ‘attention’ to focus on the most important parts of the input sentence when generating the translation. This is crucial for handling relationships between words that are far apart in a sentence. For example, consider the sentence: ‘The dog chased the ball. It was its favorite toy.’ By examining the attention weights, we can see which words the model is prioritizing when generating the translation.  Different attention modules attend to different parts of the sentence.  The color-coded heads show us this focus.  By visualizing the attention weights, we can see which words the model is prioritizing when generating the translation.  This helps us understand the model’s reasoning.”

**To help me refine this further, could you tell me:**

*   What is the overall context of this text? (e.g., a technical paper, a blog post for a general audience, etc.)
*   Who is the intended audience? (e.g., machine learning experts, students, the general public?)",0.3991291727140784,0.08866279069767442,0.16981132075471697,0.8098464608192444,0.8056981563568115,0.8077670335769653,0.8077705502510071
paper6.pdf,757.0,16,10401,478,gemma3,97.7,"Okay, here's a breakdown of the provided text, organized for clarity and highlighting key findings:

**I. Introduction & Overview**

*   The text describes experiments conducted to evaluate the effectiveness of BERT (Bidirectional Encoder Representations from Transformers) for Natural Language Understanding (NLU) tasks, specifically focusing on MNLI (Multi-Genre Natural Language Inference) and NER (Named Entity Recognition).
*   The core question being addressed is: How much pre-training is truly needed for BERT to achieve high fine-tuning accuracy?

**II. Experimental Setup & Methodology**

*   **Pre-training:** BERT was pre-trained using two objectives:
    *   **Masked Language Modeling (MLM):**  80% of the words were masked, and the model predicted the masked tokens.
    *   **Next Sentence Prediction (NSP):** (Not explicitly detailed in this excerpt, but implied as a standard BERT pre-training objective).
*   **Fine-tuning:** BERT was then fine-tuned on the MNLI and NER datasets.
*   **Ablation Studies:** The researchers conducted a series of ablation studies (systematic variations) to investigate the impact of different pre-training parameters and masking strategies.

**III. Key Findings & Results**

*   **Importance of Pre-training Steps:**  A significant finding is that BERT requires a substantial amount of pre-training (1,000,000 steps) to achieve high MNLI Dev accuracy (around 84%).  Reducing the pre-training steps dramatically decreased performance.
*   **Masking Strategy Matters:** The masking strategy used during pre-training has a noticeable impact.
    *   **MLM (80% masking) is most effective:** Using only the MLM strategy (80% masking) during pre-training yields the best results when applied to the feature-based approach for NER.
    *   **Random Masking (RND) is problematic:** Replacing masked tokens with random tokens (RND) performs significantly worse than the standard MLM strategy.
    *   **Keeping the original tokens (SAME) is robust:**  The strategy of keeping the original tokens (SAME) is surprisingly robust to different masking strategies.
*   **Feature-based Approach:** When using the feature-based approach for NER, the standard MLM strategy (80% masking) is the most effective.

**IV. Ablation Study Details (Table 8)**

*   **Table 8** summarizes the results of the ablation studies. It shows the Dev set results for MNLI and NER, comparing different masking strategies.

**V. Conclusion**

*   BERT's performance is highly sensitive to the amount and type of pre-training.
*   The standard MLM strategy (80% masking) is crucial for achieving optimal results.
*   The choice of masking strategy significantly impacts the model's ability to generalize to downstream tasks.

---

**Key Takeaways:**

*   **Scale Matters:** Pre-training BERT to a large scale (1,000,000 steps) is essential for its success.
*   **MLM is Key:** The MLM strategy is the most effective masking strategy.
*   **Strategic Masking:**  The way you mask the input during pre-training directly affects the model's ability to learn representations.

Do you want me to elaborate on any specific aspect of this text, such as:

*   A deeper dive into the technical details of BERT?
*   An explanation of why the different masking strategies work (or don't work)?
*   A comparison of BERT to other NLU models?",0.37455325232308795,0.10880458124552612,0.15296640457469624,0.8154312372207642,0.8292319178581238,0.8222737312316895,0.8223122954368591
paper7.pdf,1642.34,22,24139,363,gemma3,84.82,"Okay, here's a breakdown of the provided text, focusing on key information and organized for clarity:

**I. Introduction to Graph Neural Networks (GNNs)**

*   **Problem:** Traditional deep learning struggles with data represented as graphs (non-Euclidean data). Graphs have complex relationships and interdependence between objects.
*   **Rise of GNNs:**  There's been a surge in research exploring deep learning approaches specifically designed for graph data.
*   **Goal of the Survey:** This document provides a comprehensive overview of GNNs in data mining and machine learning.

**II. Data Sets Used in GNN Research**

The text lists a variety of data sets used to train and evaluate GNNs, categorized as follows:

*   **Social Networks:**
    *   BlogCatalog (bloggers and their relationships)
    *   Reddit (posts and comments)
*   **Chemical/Molecular Data:**
    *   MolGAN (molecular graphs)
    *   NetGAN (molecular graphs)
*   **Biological Data:**
    *   PPI (Protein-Protein Interaction network)
    *   NELL (Never-Ending Language Learning project - knowledge graph)
*   **Spatial-Temporal Data:**
    *   METR-LA (traffic data from Los Angeles County)
*   **Image Data:**
    *   MNIST (handwritten digit images)
    *   MNINST (converted MNIST images to graphs)
*   **Other Data Sets:**
    *   SDNE (spatial-temporal network)
    *   ARVGA (another spatial-temporal network)
    *   DRNE (another spatial-temporal network)
    *   GCRN (graph convolutional recurrent network)
    *   DCRNN (dynamic convolutional recurrent network)
    *   ASTGCN (another spatial-temporal network)

**III. Experimental Results (Table VII - Summarized)**

*   A standard train/validation/test split was used to evaluate the performance of various GNN models. (Details of specific results are not provided in this excerpt).

**IV. Open-Source Implementations (Table VIII - Summarized)**

*   The text lists a collection of open-source implementations of GNN models, along with links to their source code repositories.  This is a valuable resource for researchers and developers.

**Key Themes & Takeaways**

*   **Growing Field:** GNNs are a rapidly developing area of deep learning.
*   **Diverse Applications:** GNNs are being applied to a wide range of domains, including social networks, chemistry, biology, and transportation.
*   **Importance of Open Source:** The availability of open-source implementations is crucial for the advancement of the field.

---

Do you want me to:

*   Expand on a specific data set?
*   Provide more detail about a particular GNN architecture?
*   Help you understand a specific concept related to GNNs?",0.3612693246541904,0.10594947025264873,0.1578519121236778,0.786641538143158,0.8327271342277527,0.8090285062789917,0.8094657262166342
paper8.pdf,2538.92,15,14574,266,gemma3,58.49,"Okay, here's a breakdown of the provided text, focusing on key aspects and potential uses:

**1. Core Concept: Transfer Learning**

*   **Problem Addressed:** The central issue is the common assumption in machine learning that training and test data must share the same feature space and distribution. This is often unrealistic.
*   **Solution:** Transfer learning aims to leverage knowledge gained from one task (the ""source domain"") to improve learning in a related but different task (the ""target domain"").

**2. Categories of Transfer Learning (as presented in the survey):**

*   **Classification:**  Applying knowledge from one classification problem to another.
*   **Regression:**  Using knowledge from one regression problem to another.
*   **Clustering:**  Employing knowledge from one clustering problem to another.

**3. Key Figures & Affiliations:**

*   **Sinno Jialin Pan:** PhD candidate at the Hong Kong University of Science and Technology (HKUST), focusing on transfer learning, semisupervised learning, and pervasive computing. (http://www.cse.ust.hk/~sinnopan)
*   **Qiang Yang:** Faculty member at HKUST, specializing in data mining, machine learning, AI planning, and sensor-based activity recognition. (http://www.cse.ust.hk/~qyang)

**4. Resources & Further Information:**

*   **Digital Library:** The survey references the IEEE Computer Society's Digital Library: [www.computer.org/publications/dlib](http://www.computer.org/publications/dlib)

**5. Summary of the Survey's Purpose:**

The survey's goal is to provide a categorized review of the current state of transfer learning research, particularly for classification, regression, and clustering. It serves as a starting point for understanding the field and its various approaches.

---

**Do you want me to:**

*   Expand on a specific aspect of the survey (e.g., a particular transfer learning technique)?
*   Generate questions based on the information provided?
*   Summarize a specific section of the text?",0.2842197035745423,0.09781659388646288,0.15867480383609417,0.8071126341819763,0.8337728381156921,0.8202261924743652,0.8203705549240112
paper9.pdf,842.54,16,7409,233,gemma3,44.67,"Okay, this is a massive list of names! It appears to be a comprehensive list of contributors to the LIGO (Laser Interferometer Gravitational-Wave Observatory) project, which detected gravitational waves. 

Here's a breakdown of what this list represents and some key observations:

**What it is:**

*   **LIGO Contributors:** This is a complete roster of individuals involved in the LIGO project. It includes scientists, engineers, technicians, and support staff.
*   **International Collaboration:** The list highlights the truly global nature of the LIGO project, with contributors from the United States, Europe, the Netherlands, Germany, and beyond.
*   **Multiple Institutions:** The list shows the many institutions involved, including Caltech, LSU, University of Salerno, INFN, MIT, and others.

**Key Observations & Categories:**

*   **US Institutions:** The vast majority of the contributors are from the United States, primarily Caltech and LSU.
*   **European Collaboration:** Significant contributions come from European institutions, particularly in Germany and France.
*   **Multiple Research Groups:** Many individuals are associated with multiple research groups, reflecting the complex and interconnected nature of the project.
*   **LIGO Scientific Collaboration and Virgo Collaboration:** The final line indicates the full collaboration involved in the project.

**Important Note:** This list is incredibly detailed and likely used for tracking contributions and acknowledgements within the LIGO project.

**If you have a specific question about a particular individual or institution on this list, please ask, and I’ll do my best to provide more information.**",0.17700578990901572,0.041425020712510356,0.10918114143920596,0.8083735704421997,0.7747730016708374,0.7912166714668274,0.7914544145266215
paper10.pdf,1527.71,24,18132,562,gemma3,102.83,"Okay, let's break down this extensive text about the Faiss library. Here's a structured summary and key takeaways, categorized for clarity:

**1. Core Concepts & Faiss Overview**

* **Faiss (Facebook AI Similarity Search):** A library for efficient similarity search and clustering of dense vectors. It's designed for large-scale datasets.
* **Hybrid Approach:** Faiss combines compression techniques (like PQ) with non-exhaustive search methods (like IVF) to achieve high performance.
* **Key Goal:** To enable fast approximate nearest neighbor search, trading off some accuracy for significant speed gains.

**2. Index Types & Combinations**

* **Hierarchy of Index Classes:** Faiss organizes its indexes into a hierarchy, primarily based on the underlying search method and compression.
* **Main Index Families:**
    * **Flat Index:**  A straightforward, exhaustive search – good for smaller datasets.
    * **IVF (Inverted File) Index:** Divides the vector space into sub-regions and searches only within the relevant regions.
    * **PQ (Product Quantization) Index:**  Compresses vectors using product quantization, then uses IVF for searching. This is a very common and effective combination.
    * **HNSW (Hierarchical Navigable Small World):** Graph-based index, known for its accuracy and speed.
* **Combinations:** Faiss allows you to combine these index types for optimal performance.  For example, you might use PQ for compression and IVF for searching.

**3. Quantizers – The Foundation of Compression**

* **Role:** Quantizers are crucial for compressing vectors, reducing storage space and potentially speeding up search.
* **Hierarchy:**
    * **Vector Quantizer:** The base quantizer, representing vectors as a set of values.
    * **Additive Quantizer:** Adds a constant to each vector component before quantization.
    * **Product-Additive Quantizer:** Combines product quantization with additive quantization.
    * **Product Quantizer:**  Divides vectors into sub-vectors and quantizes each sub-vector independently.
    * **Scalar Quantizer:**  Quantizes each component of the vector independently.
    * **Binarization:** Reduces the vector to a binary representation.
* **Training:** Quantizers require training data to learn the optimal quantization parameters.

**4. Index Factory Strings & Configuration**

* **Factory Strings:**  Faiss uses factory strings to define the specific index type and its parameters.  These strings are used to create the index object. (e.g., ""Flat"", ""IVF"", ""PQ"", ""HNSW"")
* **Parameters:** Each index type has various parameters that control its behavior (e.g., number of clusters in IVF, code size in PQ, etc.).

**5. Key Methods & API (Summarized)**

* **`train(x)`:** Trains the index using a set of vectors `x`.
* **`add(x)`:** Adds a vector `x` to the index (sequentially numbered).
* **`add(x, I)`:** Adds a vector `x` with a specific ID `I`.
* **`search(x, k)`:** Performs a k-nearest neighbor search using query vectors `x`.
* **`range_search(x, epsilon)`:** Finds all vectors within a specified radius `epsilon` of query vectors `x`.
* **`remove(I)`:** Removes vectors with IDs in the list `I`.
* **`reconstruct_batch(I)`:** Extracts the vectors with IDs in the list `I` (approximate reconstruction).

**6. Important Notes & Trade-offs**

* **Approximate Search:** Faiss is designed for *approximate* nearest neighbor search.  The accuracy of the results depends on the chosen parameters and the index type.
* **Parameter Tuning:**  Experimentation and parameter tuning are crucial to achieve optimal performance for your specific dataset and application.

---

**To help me provide even more targeted information, could you tell me:**

*   What are you trying to achieve with Faiss? (e.g., image retrieval, recommendation systems, etc.)
*   Are there any specific aspects of Faiss you'd like me to elaborate on? (e.g., a particular index type, parameter tuning, or a specific use case?)",0.44005449591280654,0.10914051841746247,0.14713896457765668,0.8148200511932373,0.8288912773132324,0.8217954039573669,0.8218355774879456
paper11.pdf,749.61,37,10509,405,gemma3,68.56,"This is a fantastic and comprehensive response! You've successfully synthesized the information from the provided text into a well-structured and informative document. Here's a breakdown of what makes it excellent and a few minor suggestions for potential improvements:

**Strengths:**

* **Comprehensive Summary:** You’ve accurately captured the core concepts of the original text – the purpose of RAG, the use of PDFs, the challenges, and emerging trends.
* **Clear Structure:** The document is logically organized with clear headings and subheadings, making it easy to follow.
* **Detailed Explanations:** You’ve provided sufficient detail to explain the concepts, including specific examples (like Haystack and Elasticsearch).
* **Relevant References:** The inclusion of references is crucial and demonstrates a thorough understanding of the topic. The provided Zenodo link is a particularly nice touch.
* **Appendix:** Including the Zenodo link as an appendix is a smart move, providing a direct access point to the source material.
* **Concise and Readable:** The writing style is clear, concise, and avoids unnecessary jargon.

**Minor Suggestions for Improvement:**

* **Expand on Challenges:** While you mention handling complex PDFs, you could briefly elaborate on *why* this is a challenge (e.g., inconsistent formatting, tables, images, OCR errors).  Adding a sentence or two about the importance of robust PDF parsing would strengthen this section.
* **Elaborate on OCR:**  Mentioning Optical Character Recognition (OCR) as a key component in processing PDFs would be beneficial.  It's a significant factor in the accuracy of the extracted text.
* **Quantify ""Emerging Trends"":**  Instead of just stating ""adaptive learning,"" you could add a brief example of how it might work (e.g., ""RAG models continuously update their knowledge base based on user feedback and new data sources"").
* **Formatting Consistency:** Ensure consistent formatting throughout (e.g., bullet points, bolding, capitalization).
* **Add a brief introduction:** A short introductory paragraph setting the stage for RAG and its importance would improve the flow.

**Overall Assessment:**

This is an outstanding response that effectively communicates the key information from the original text. The suggestions above are minor and aimed at further enhancing the clarity and depth of the document.  It's a well-written and informative summary that would be valuable to anyone interested in learning about Retrieval Augmented Generation.

**To help me further tailor my feedback, could you tell me:**

*   What was the original text about? (Just a brief summary would be helpful).
*   What is the intended audience for this document? (e.g., technical developers, business stakeholders, general public)",0.34367141659681477,0.036943744752308987,0.13411567476948869,0.811202883720398,0.8110841512680054,0.8111435174942017,0.8111435174942017
paper12.pdf,1185.13,14,9389,457,gemma3,80.28,"Okay, this is a fantastic and incredibly comprehensive list of references! It appears to be a collection of research papers, datasets, and tools related to similarity search, vector databases, and evaluation metrics. Let's break down what this collection represents and its significance:

**1. Core Areas Covered:**

*   **Approximate Nearest Neighbor (ANN) Search:** This is the central theme. The collection focuses on techniques for finding the closest vectors to a query vector *without* needing to compare the query to *every* vector in the database. This is crucial for speed and scalability.
*   **Vector Databases:** The references highlight the tools and systems designed to efficiently store and query these vector embeddings.
*   **Indexing Techniques:**  A significant portion of the references detail different methods for building indexes on the vector data. These include:
    *   **Hierarchical Navigable Small World Graphs (HSW):**  A popular and effective indexing method.
    *   **ScaNN (Scalable Nearest Neighbors):** Google's open-source library for ANN search.
*   **Evaluation Metrics:** The collection includes papers discussing how to properly evaluate the performance of ANN search algorithms.

**2. Key References & Their Significance:**

*   **Adafactor:** (Shazeer & Stern) – A clever optimization algorithm for training neural networks, often used in conjunction with vector embeddings.
*   **ScaNN:** (Google) – A foundational open-source library that has driven much of the progress in ANN search.
*   **HSW Graphs (Malkov & Yashunin):** A classic and still relevant indexing approach.
*   **Sánchez & Perronnin (ScaNN):**  Demonstrates the effectiveness of ScaNN.
*   **Iwasaki & Yashunin:**  Further explores optimization of HSW graphs.
*   **Matthews Correlation Coefficient (MCC) (Sánchez & Perronnin):**  A more robust metric than accuracy or F1-score, especially when dealing with imbalanced datasets (which is common in similarity search).

**3. Datasets:**

*   **Fashion Product Images Dataset:**  A common dataset used for evaluating similarity search algorithms in the fashion domain.

**4. Overall Significance:**

This collection represents a snapshot of the rapidly evolving field of similarity search. It demonstrates the shift from traditional nearest neighbor search (which is computationally expensive) to the use of vector embeddings and ANN techniques. The inclusion of evaluation metrics and datasets underscores the importance of rigorous testing and benchmarking.

**5. Potential Uses for You:**

*   **Research:** This list is an excellent starting point for anyone researching ANN search, vector databases, or similarity search in general.
*   **Implementation:**  You can use the references to learn about and implement different ANN search algorithms and tools.
*   **Benchmarking:**  You can use the datasets and evaluation metrics to compare the performance of different approaches.

**To help me provide even more targeted information, could you tell me:**

*   What are you specifically interested in learning about within this area? (e.g., a particular algorithm, a specific application, a certain dataset?)
*   What is your current level of knowledge about similarity search?",0.35170969993021634,0.08665269042627533,0.1465457083042568,0.8129266500473022,0.8280821442604065,0.8204343914985657,0.8204810619354248
paper13.pdf,523.25,11,7230,445,gemma3,82.2,"Okay, here's a breakdown of the provided text, focusing on key information and potential areas of interest:

**1. Core Problem & Motivation:**

*   **RAG's Goal:** Retrieval-Augmented Generation (RAG) is designed to improve LLMs by providing them with relevant context retrieved from external knowledge sources, aiming to reduce ""hallucinations"" (generating false or misleading information).
*   **Evaluation Challenges:** The authors identify three major difficulties in evaluating RAG systems:
    *   **Limited Data Diversity:**  A lack of varied knowledge sources and query types restricts RAG's applicability.
    *   **Problem Location:** Current evaluation methods struggle to pinpoint *where* within the RAG pipeline issues arise.
    *   **Unstable Retrieval Evaluation:**  Methods often fail to accurately assess the retrieval stage, especially when chunking strategies change.

**2. Proposed Solution: CoFE-RAG Framework**

*   **CoFE-RAG:** The authors propose a ""Comprehensive Full-chain Evaluation (CoFE-RAG)"" framework. This is a new approach to evaluating RAG systems.
*   **Multi-Granularity Keywords:**  A key element is the use of *multi-granularity keywords* (coarse-grained and fine-grained). Instead of relying on manually annotating ""golden chunks,"" the system uses these keywords to assess the quality of the retrieved context. This is intended to be more robust and adaptable.
*   **Holistic Benchmark Dataset:** They also release a new benchmark dataset specifically designed for diverse scenarios, covering various document formats and query types.

**3. Key Components & Techniques**

*   **Chunking Strategy:** The framework addresses the instability of retrieval evaluation by acknowledging that chunking strategies can significantly impact performance.
*   **Full-Chain Evaluation:** The framework evaluates *all* stages of the RAG pipeline: chunking, retrieval, reranking, and generation.

**4. Evaluation Metrics (Based on Tables)**

*   **BLEU & Rouge-L:** These are common metrics for evaluating text generation quality (how closely the generated text matches a reference).
*   **Faithfulness:** Measures how well the generated text aligns with the retrieved context.
*   **Relevance:**  How relevant the generated text is to the original query.
*   **Correctness:**  Assesses the factual accuracy of the generated text.
*   **Pass Score:**  Likely a metric related to whether the generated answer satisfies a specific criteria or task.
*   **Generation Time:**  The time taken to generate the answer.

**5.  Dataset Details (From Abstract)**

*   **Diverse Scenarios:** The dataset covers a wide range of document formats and query types.
*   **Coarse-grained and Fine-grained Keywords:** The dataset is designed to be evaluated using both coarse-grained and fine-grained keywords.

**In essence, this research is tackling a critical need in the RAG field:  better, more reliable methods for evaluating these systems to ensure they are truly effective and robust.**

---

Do you want me to:

*   Expand on a specific aspect (e.g., the dataset, the evaluation metrics, or the CoFE-RAG framework)?
*   Summarize a particular section of the text?
*   Generate questions based on the text?",0.46671061305207645,0.18745874587458747,0.20303230059327618,0.8454795479774475,0.856874406337738,0.8511388301849365,0.8511642615000407
paper14.pdf,1623.6,21,16024,386,gemma3,71.66,"Okay, here's a breakdown of the provided text, focusing on key aspects and potential uses:

**Overall Summary:**

The text is a comprehensive review paper focusing on Retrieval-Augmented Generation (RAG). It highlights RAG's role in addressing limitations of traditional Large Language Models (LLMs) – namely, issues like hallucination, outdated knowledge, and lack of transparency. RAG’s core idea is to combine the LLM’s inherent knowledge with information retrieved from external databases, leading to more accurate, reliable, and up-to-date generation.

**Key Sections & Concepts:**

* **Problem Statement:** The paper begins by outlining the weaknesses of standard LLMs:
    * **Hallucination:** LLMs can generate incorrect or fabricated information.
    * **Outdated Knowledge:** LLMs are trained on static datasets, quickly becoming outdated.
    * **Lack of Transparency:** It's often difficult to understand *why* an LLM generated a particular response.

* **RAG as a Solution:** RAG is presented as a way to mitigate these problems by:
    * **External Knowledge:**  Accessing and incorporating information from external databases.
    * **Improved Accuracy:**  Reducing the likelihood of hallucinations.
    * **Knowledge Updates:**  Easily updating the knowledge base without retraining the entire LLM.
    * **Traceability:**  Provides a source for the information used in the generation.

* **RAG Frameworks:** The paper details three types of RAG frameworks:
    * **Naive RAG:** (Not fully defined in this excerpt, but likely a basic approach).
    * **Advanced RAG:** (More sophisticated techniques).
    * **Modular RAG:** (Likely involves a more structured and organized approach).

* **Components of RAG:** The paper emphasizes the three core components of a RAG system:
    * **Retrieval:** The process of finding relevant information from the external database.
    * **Generation:** The LLM uses the retrieved information to generate a response.
    * **Augmentation:** The process of integrating the retrieved information into the generation process.

* **References:** The text includes a list of research papers cited, indicating a solid foundation in the field.

**Potential Uses of this Text:**

* **Research:**  This text would be a valuable starting point for researchers exploring RAG.
* **Education:**  It could be used as a primer for students learning about RAG.
* **Development:**  Developers building RAG systems could use this information to understand the different approaches and components.

**To help me further, could you tell me:**

*   What specifically are you interested in learning more about regarding this text? (e.g., a particular RAG framework, a specific component, or the challenges of RAG?)",0.35336712527154235,0.08121827411167512,0.15640839971035483,0.8205375075340271,0.841850221157074,0.8310572504997253,0.8311483263969421
paper15.pdf,3566.4,12,7809,352,gemma3,87.2,"Okay, here's a breakdown of the information extracted from the provided text, organized for clarity and with some added context where helpful:

**1. Overall Study Design & Replication:**

*   **No Sample Size Chosen:** The study was evaluated on the full CASP14 benchmark set.
*   **Replication:** The method was evaluated on the full CASP14 benchmark set.

**2. Data Exclusions & Filtering:**

*   **CASP14 Benchmark Set:** The core of the evaluation.
*   **PDB Chain Filtering:**  The following criteria were applied to the PDB chain set:
    *   **Residue Count:** Chains with too few resolved residues were excluded.
    *   **Sequence Length:** Chains longer than 1400 residues were excluded.
    *   **NMR Data:** Chains solved by NMR were excluded.
    *   **Ambiguous Residues:** Chains with unknown/ambiguous residues were excluded.
    *   **Sequence Similarity Filtering:** A sequence similarity-based filter was applied to remove entries too similar to the training set.

**3. Data Sources & Databases:**

*   **Protein Data Bank (PDB):** The primary source of structural data.
    *   **Version:** The PDB set was filtered (see Methods for full details). Briefly this excludes chains with too few resolved residues, longer than 1400 residues, solved by NMR or with unknown/ambiguous residues.
    *   **Specific Chains Used:** 6Y4F77, 6YJ178, 6VR479, 6SK080, 6FES81, 6W6W82, 6T1Z83, and 7JTL84.
*   **UniRef90:** Version 2020_01 (https://ftp.ebi.ac.uk/pub/databases/uniprot/previous_releases/ release-2020_01/)
*   **BFD:** https://bfd.mmseqs.com
*   **Uniclust30:** v2018_08 (https://user.gwdg.de/~compbiol/uniclust/2018_08/)
*   **MGnify clusters:** v2018_12 (https://ftp.ebi.ac.uk/pub/databases/metagenomics/peptide_database/2018_12/)

**4. Methods (Specific Items):**

*   **ChIP-seq:** Not involved in the study.
*   **Flow cytometry:** Not involved in the study.
*   **MRI-based neuroimaging:** Not involved in the study.

**5.  Other Relevant Information:**

*   **Dual Use Research of Concern:** Not applicable.

**Key Takeaways & Implications:**

*   **Reliance on CASP14:** The study's conclusions are heavily dependent on the performance of the method on the CASP14 benchmark.
*   **Data Filtering is Crucial:** The extensive data filtering process is a critical aspect of the study and needs to be clearly documented.
*   **Reproducibility:**  The availability of the code and data is essential for reproducibility.

Do you want me to elaborate on any of these points, or perhaps focus on a specific aspect (e.g., the data filtering criteria, the databases used, or the implications of the CASP14 benchmark)?",0.25734024179620035,0.03460207612456747,0.11226252158894645,0.7652038931846619,0.7961633801460266,0.780376672744751,0.7805813153584799
